"S1","S2","S3"
0,0,1
2,0,0
0,0,1
0,1,0
1,0,0
2,0,0
3,0,0
0,0,1
2,0,0
0,1,0
0,0,1
1,0,0
3,0,0
1,0,0
1,0,0
0,0,2
0,0,4
0,1,0
1,0,0
0,2,0
0,0,20
1,0,0
9,1,0
0,2,7
4,0,0
1,1,0
0,0,3
0,0,32
1,0,27
0,0,1
7,0,0
0,1,0
0,0,1
0,0,1
1,0,0
0,6,7
2,0,0
1,2,0
0,1,0
0,0,1
4,0,0
0,0,1
0,13,0
41,37,50
1,0,0
0,2,0
0,0,1
3,0,0
0,0,2
0,0,4
0,2,2
38,44,30
0,3,0
0,0,4
0,1,0
0,1,0
0,0,1
0,0,2
1,0,0
0,2,0
0,0,1
2,0,0
0,7,2
0,1,0
3,2,0
0,1,0
3,0,0
1,0,0
39,42,32
0,0,1
1,0,0
0,4,0
1,0,0
5,2,0
0,0,2
0,1,6
0,1,0
7,0,0
0,0,1
1,0,0
40,41,50
1,0,0
0,1,0
0,1,9
2,0,0
0,1,0
0,1,0
4,0,0
0,5,0
0,0,4
0,0,1
0,0,1
0,2,3
0,3,0
0,3,0
2,0,0
3,0,0
0,1,0
0,1,0
1,0,0
2,0,0
1,0,0
0,0,1
1,0,0
0,1,0
0,1,0
0,0,1
1,0,0
1,0,0
1,0,0
5,0,0
0,1,0
0,1,0
0,1,0
3,0,0
0,0,1
0,1,0
0,0,2
0,1,0
0,0,1
0,1,0
0,0,1
0,25,0
1,0,0
0,6,3
0,0,1
0,1,0
0,0,27
2,0,0
0,0,1
1,0,0
0,0,13
2,0,0
0,6,0
0,0,1
1,0,0
0,0,1
0,2,0
8,0,0
0,0,1
1,0,0
44,38,48
4,0,0
0,0,1
0,0,5
20,13,38
0,0,1
5,0,0
1,2,0
0,1,0
0,1,0
1,0,0
0,1,0
0,9,0
0,0,2
0,1,0
0,1,0
0,2,9
1,0,0
0,0,1
0,0,3
1,0,0
0,0,1
1,0,0
1,0,0
6,0,0
0,1,0
0,1,0
0,1,0
0,0,1
0,0,4
0,1,0
0,0,1
1,0,0
0,1,0
0,1,0
0,0,2
1,0,0
0,0,1
0,1,0
0,1,0
0,1,0
1,0,0
0,2,0
3,0,0
0,1,0
1,0,0
0,1,0
0,0,1
0,1,0
0,0,2
0,1,0
0,2,0
0,0,1
0,1,0
1,0,0
2,0,0
0,1,0
0,0,2
0,0,1
1,0,0
0,0,1
0,1,0
1,0,0
0,2,0
1,0,0
0,2,6
0,1,0
0,2,0
46,45,46
0,1,0
0,3,0
1,0,0
0,2,0
0,0,1
0,0,1
7,0,0
3,8,34
1,0,0
0,0,31
0,2,0
0,0,1
1,0,0
0,1,0
0,0,1
0,0,7
0,0,1
0,0,1
1,0,0
0,0,2
3,0,0
0,2,0
0,2,0
2,0,0
1,0,0
1,0,0
0,0,31
0,0,1
0,0,1
0,0,1
0,3,3
1,0,0
0,0,1
1,0,0
2,0,0
1,0,0
0,0,1
0,2,0
0,3,0
0,0,1
0,1,0
0,0,12
0,0,10
0,2,0
0,1,0
1,0,0
0,1,0
0,0,19
0,1,0
1,0,0
1,0,0
0,0,1
0,0,2
0,1,0
0,0,2
0,0,1
0,4,0
0,2,8
0,1,0
0,0,3
0,1,0
1,0,0
0,2,0
0,0,4
0,0,1
0,1,0
0,1,0
0,0,2
0,1,0
0,0,1
0,1,0
0,1,0
0,8,0
0,0,1
0,0,1
8,1,0
3,0,0
0,0,1
2,0,0
0,1,0
0,0,1
0,4,0
6,0,0
0,0,1
1,0,0
2,0,0
0,0,1
0,1,0
0,1,0
0,0,1
0,0,1
38,42,36
1,0,0
0,0,5
0,2,0
8,0,0
0,1,0
0,0,1
0,0,1
0,0,1
0,1,0
0,0,1
9,31,0
2,0,0
1,0,0
0,1,0
1,0,0
0,1,0
0,4,0
0,0,4
1,0,0
0,0,1
0,0,21
25,1,0
2,0,0
1,0,0
0,2,0
0,1,0
0,1,0
0,1,0
2,0,0
2,0,0
0,1,0
0,5,0
0,0,2
1,0,0
0,0,2
0,0,1
0,0,1
0,0,1
0,1,0
0,2,0
0,0,3
0,0,1
1,0,0
0,0,1
0,1,0
0,21,0
0,0,1
0,3,0
0,0,1
0,0,1
0,0,2
1,0,0
4,2,0
0,1,0
0,1,0
0,2,0
0,16,1
0,0,7
3,0,0
0,0,2
0,2,0
0,0,1
5,3,0
0,1,0
0,0,2
0,1,0
0,1,0
0,0,27
0,0,5
0,0,1
0,0,6
0,0,1
0,1,0
0,2,0
0,0,24
0,0,1
0,0,1
1,0,0
10,16,0
0,2,0
0,0,1
0,0,3
0,0,3
1,0,0
2,0,0
1,0,0
1,0,0
0,1,0
0,1,0
2,0,0
2,0,0
0,3,0
2,0,0
0,1,0
0,0,2
0,1,4
0,1,0
1,0,0
0,0,1
0,5,6
1,0,0
0,1,0
0,1,0
1,0,0
1,0,0
0,1,0
0,2,0
0,0,28
0,1,0
1,0,0
0,0,26
0,0,1
0,1,0
1,0,0
0,1,0
2,0,0
1,0,0
1,0,0
0,0,1
0,1,0
3,0,24
0,0,1
0,0,1
0,1,0
0,1,0
8,0,0
1,0,0
0,1,0
0,0,1
0,0,1
0,1,0
0,0,1
0,0,5
0,6,4
0,0,2
0,1,0
1,0,0
0,0,6
1,0,0
2,0,0
1,0,0
0,0,6
1,0,0
1,0,0
0,1,0
0,1,0
0,0,1
1,0,0
0,5,0
1,0,0
0,4,0
0,0,1
0,1,0
0,1,0
1,0,0
0,1,0
0,1,0
1,0,0
0,0,1
1,0,0
0,1,0
1,0,0
0,0,1
2,2,0
0,1,13
0,0,1
2,0,0
0,0,32
0,0,2
0,14,0
0,0,1
0,1,0
0,1,0
0,0,1
0,0,1
0,1,0
4,0,0
0,6,4
1,0,0
1,0,0
0,21,0
0,1,0
0,1,0
0,1,0
0,0,1
0,0,11
0,1,0
0,0,21
1,0,0
0,0,2
1,0,0
0,1,26
1,0,0
0,0,27
0,1,0
5,0,0
0,2,0
0,0,1
1,0,0
5,0,0
0,0,35
1,0,0
48,52,34
0,1,1
0,0,1
0,0,1
0,4,0
8,0,0
0,2,0
1,0,0
0,1,0
0,6,0
0,1,0
2,5,38
0,0,1
1,0,0
0,2,0
1,0,0
0,4,0
0,0,3
0,1,0
0,0,23
0,1,0
1,0,0
4,0,0
1,0,0
0,1,0
0,1,0
4,0,0
0,0,1
0,0,1
0,5,0
0,1,0
0,0,3
1,0,0
0,0,2
0,1,0
0,0,1
0,1,0
0,0,24
0,1,8
0,8,0
1,0,0
0,1,0
0,0,2
0,0,1
0,0,8
0,3,0
0,2,0
0,2,0
2,0,0
0,1,0
0,1,0
2,0,0
0,5,6
0,1,0
2,14,26
0,1,0
0,1,0
0,0,34
1,0,0
0,0,1
0,0,2
1,0,0
0,2,0
1,0,0
1,0,0
0,0,1
0,2,6
0,0,1
0,7,0
1,0,0
0,0,20
0,2,0
1,0,0
0,0,1
1,0,0
1,0,0
0,0,2
2,0,0
1,0,0
3,0,25
0,2,0
0,1,0
0,4,0
0,1,0
0,0,1
0,0,2
0,0,1
2,0,0
0,1,0
2,0,0
0,2,0
0,0,1
0,1,5
0,0,1
1,0,0
0,1,0
1,0,0
0,0,2
0,0,2
0,0,1
0,0,1
0,0,1
0,0,1
0,0,1
2,0,0
0,0,2
0,0,1
1,0,0
29,38,39
0,0,3
0,0,21
0,0,1
0,1,0
0,9,9
0,1,0
0,0,2
0,0,1
0,0,1
0,3,0
0,1,0
1,0,0
0,0,1
1,0,0
8,1,0
0,1,0
0,0,1
49,39,41
0,0,1
0,1,0
2,0,0
0,0,1
0,0,1
2,0,0
0,1,0
1,0,0
0,0,1
1,0,0
0,0,23
0,1,0
0,1,0
0,3,9
0,4,0
0,1,0
1,0,0
0,0,4
0,1,0
0,0,15
0,1,0
0,0,1
0,0,1
0,1,0
0,0,10
0,0,1
0,0,1
1,0,0
0,0,26
0,0,1
0,1,0
1,0,0
0,10,15
0,1,0
0,1,0
0,1,0
1,0,0
1,0,0
2,0,0
0,0,1
0,1,0
0,0,1
0,1,0
0,1,0
0,2,0
1,0,0
0,6,5
0,1,0
16,0,0
0,1,0
1,0,0
0,15,0
1,0,0
0,0,1
0,0,3
0,0,2
1,0,0
0,0,1
0,2,0
0,0,1
0,0,1
0,0,1
0,1,0
0,0,19
0,0,1
2,0,0
1,0,0
0,0,2
0,0,1
13,0,0
0,0,1
0,1,0
0,2,0
0,1,0
0,0,1
0,0,1
0,0,3
1,0,0
2,0,0
0,2,0
0,0,33
0,1,0
0,1,0
0,2,0
0,0,4
0,0,1
0,1,0
0,1,0
0,1,0
0,0,1
9,0,0
2,0,0
0,0,1
0,1,0
1,0,0
1,0,0
0,2,0
0,0,35
1,0,0
0,5,3
0,0,1
2,0,0
1,0,0
0,0,1
1,0,0
0,0,2
0,1,0
0,1,0
1,0,0
0,1,0
0,1,0
9,0,0
0,1,0
1,0,0
0,1,0
1,0,0
0,0,1
1,0,0
0,1,0
0,1,0
38,39,53
0,2,0
0,3,0
0,1,0
0,0,3
0,0,3
0,1,0
2,0,0
0,0,29
0,1,0
0,1,0
0,1,0
0,0,1
0,2,0
0,0,26
0,0,1
2,0,0
0,0,1
1,0,0
1,0,0
0,1,0
0,6,0
0,0,2
0,22,1
0,0,2
1,1,0
1,0,32
0,2,0
0,1,0
1,0,0
0,1,0
0,1,0
1,0,0
0,1,0
0,0,1
0,0,1
0,1,0
0,1,0
3,0,0
0,0,1
10,0,0
0,2,0
0,0,27
0,1,0
0,0,1
0,0,34
0,1,0
0,1,0
1,0,0
1,0,0
0,1,0
0,1,32
0,1,0
47,38,36
0,0,1
0,0,31
1,0,0
1,0,0
0,0,1
1,0,0
0,8,1
0,0,1
1,0,0
0,1,0
0,0,2
0,1,0
0,0,1
0,2,0
0,1,0
1,0,0
0,0,1
0,1,0
0,1,0
0,1,0
0,3,2
0,4,0
1,0,0
0,1,0
0,1,0
1,0,0
3,0,0
0,0,4
0,1,0
0,0,1
0,0,1
0,0,1
0,1,0
0,7,1
0,1,0
3,0,0
0,0,1
1,0,0
1,0,0
33,53,42
0,1,0
1,0,0
0,0,1
0,2,0
0,0,1
0,1,0
7,0,0
4,0,0
0,3,0
1,0,0
3,0,0
0,0,2
1,0,0
0,1,0
0,16,0
0,1,0
0,0,1
0,1,0
0,1,0
0,1,0
0,0,2
0,0,2
0,0,1
0,2,0
40,39,52
0,4,0
0,4,0
0,0,16
1,0,0
0,0,1
0,0,1
0,3,0
0,1,1
0,1,0
0,0,1
0,0,2
0,5,0
0,1,0
0,1,0
0,0,3
0,0,1
0,0,1
33,32,47
0,5,0
0,0,1
0,2,0
0,0,1
41,45,35
0,0,2
10,1,0
1,0,0
0,0,1
1,16,56
0,0,1
0,0,2
2,0,0
0,1,0
0,0,1
0,6,7
0,0,1
0,0,19
0,0,1
0,1,0
0,0,1
0,1,0
0,0,20
1,0,0
2,0,0
0,0,2
0,2,0
0,2,0
0,0,2
2,0,0
0,1,0
1,0,0
0,6,2
2,0,0
0,0,8
0,1,0
2,0,0
0,1,0
0,5,0
0,1,0
0,0,1
2,0,0
1,0,0
0,0,1
2,0,0
0,1,0
0,0,1
0,1,0
0,1,0
1,0,0
0,1,0
0,0,1
0,0,1
0,2,0
0,0,1
1,0,0
0,1,0
0,1,0
1,0,0
0,5,0
0,0,1
0,0,1
0,1,0
0,1,0
1,0,0
0,1,0
37,44,41
5,0,0
0,0,1
0,2,0
0,0,4
0,1,0
0,0,1
0,1,0
0,0,1
1,0,22
0,1,0
5,0,0
1,0,0
1,0,0
1,0,0
0,1,0
0,1,0
1,0,0
0,0,1
0,1,0
0,0,1
6,0,0
0,0,1
0,0,1
0,0,1
1,0,0
0,0,2
0,0,1
0,4,0
0,3,7
0,1,0
0,1,0
0,1,0
2,0,0
0,0,1
0,2,0
0,1,0
0,0,1
0,0,6
0,0,2
0,0,3
0,1,0
1,0,0
0,0,22
0,1,0
1,0,0
2,0,0
1,0,0
0,0,34
1,0,0
37,32,57
2,0,0
4,0,0
0,0,1
0,0,1
0,0,2
0,0,24
0,1,0
0,6,53
1,0,0
0,0,2
0,8,8
0,1,0
3,0,0
0,0,1
0,0,1
0,1,0
0,0,13
0,0,1
0,0,2
0,1,0
1,0,0
0,1,0
0,0,6
11,18,0
0,0,28
0,0,4
0,0,1
0,0,1
0,1,0
0,1,0
1,0,0
0,1,0
0,1,0
0,0,1
0,2,0
0,0,3
1,0,0
0,0,1
0,1,0
0,1,0
2,0,0
52,39,32
0,0,3
0,1,0
2,0,0
0,1,0
0,5,0
2,0,0
0,1,0
0,0,1
0,12,1
0,2,12
0,1,0
0,1,0
0,0,1
1,0,0
0,1,0
0,0,1
1,0,0
0,1,0
0,1,0
0,0,1
45,33,30
1,0,0
0,2,0
0,2,0
0,2,0
1,0,0
0,2,0
0,0,2
0,6,8
0,4,2
0,1,0
0,2,0
0,2,0
0,1,0
0,2,0
0,2,7
0,1,0
0,1,0
0,0,30
0,0,7
0,1,0
0,4,0
0,0,8
0,0,1
1,0,0
46,41,40
0,0,26
0,0,1
0,0,3
0,1,0
2,0,0
0,0,1
0,0,1
0,4,0
1,0,0
0,0,10
0,0,3
0,0,1
0,6,0
0,0,31
0,1,0
0,0,1
0,0,1
0,0,17
0,0,3
0,1,0
0,0,1
1,0,0
0,0,8
0,10,0
0,0,4
4,0,0
0,0,1
0,0,1
0,0,1
0,6,7
5,0,0
0,0,6
0,4,0
1,0,27
6,0,0
0,1,0
4,0,0
0,1,0
0,0,1
0,3,0
48,37,43
1,0,0
0,0,12
1,16,0
1,0,0
0,0,1
0,1,0
1,0,0
0,0,18
1,0,0
1,0,0
2,0,0
0,1,0
3,0,0
2,0,0
38,43,45
0,0,6
0,0,1
2,0,0
2,1,0
0,0,3
0,1,0
0,0,1
0,2,0
1,0,0
0,0,1
3,0,0
2,0,0
1,0,0
11,0,0
0,0,1
1,0,0
1,0,0
0,1,0
0,1,32
1,0,0
0,1,0
0,0,31
0,0,1
0,1,0
0,1,0
5,0,0
13,0,0
0,0,2
0,0,26
0,0,2
2,0,0
0,0,2
0,0,1
0,0,2
10,0,0
0,0,1
0,1,0
1,0,0
1,0,0
0,4,0
0,0,1
0,0,1
1,0,0
0,0,1
0,1,0
1,0,0
0,0,1
0,0,2
2,0,0
0,2,8
1,0,0
0,1,0
35,40,30
0,5,5
1,0,0
0,2,0
0,3,0
0,0,1
1,0,0
2,0,0
1,0,0
0,1,5
0,2,0
0,2,0
0,1,0
0,1,0
0,0,1
1,0,0
0,0,3
0,0,1
0,0,1
0,1,0
0,0,1
1,0,0
0,0,1
0,2,0
0,1,0
0,0,1
0,2,0
0,1,0
0,1,0
0,4,0
0,2,0
0,1,0
0,25,0
0,0,19
1,0,0
0,1,0
0,1,0
1,0,0
1,0,0
16,31,0
2,0,0
0,1,0
0,1,0
31,43,33
0,0,1
0,0,3
0,1,1
0,1,0
0,1,0
1,0,0
0,1,0
5,0,0
0,1,0
2,0,0
0,0,1
0,3,0
0,0,1
0,1,0
0,0,1
0,1,0
0,1,0
0,0,1
0,1,0
0,8,7
2,0,0
2,0,0
0,1,0
1,0,0
0,0,1
1,0,0
0,3,0
0,1,27
1,0,0
0,0,1
0,2,0
0,8,8
0,3,0
0,0,2
0,0,2
7,0,0
0,4,0
1,0,0
1,0,0
1,0,0
0,1,0
1,0,0
1,0,0
3,0,0
37,38,49
0,1,0
0,0,2
0,0,16
12,0,0
1,0,0
1,0,0
45,39,30
1,0,0
0,0,1
0,0,2
0,4,0
0,3,0
0,0,1
0,2,3
0,0,1
0,1,0
0,0,1
3,0,0
0,2,0
0,0,1
0,28,1
1,0,0
0,4,0
0,0,1
1,0,0
0,0,2
0,1,0
1,0,0
0,0,5
1,0,0
0,1,0
0,1,0
0,1,0
0,2,0
0,1,0
0,0,1
0,1,0
16,0,0
0,0,1
1,0,0
0,0,13
1,0,0
0,1,0
1,0,0
0,0,1
0,1,0
0,0,1
0,1,0
1,0,0
3,0,0
0,1,0
0,0,1
1,0,0
2,0,0
0,2,0
1,0,0
1,0,0
0,1,0
0,0,4
0,1,0
0,0,1
0,7,0
0,0,1
0,1,0
0,1,0
0,0,1
3,0,0
0,1,0
0,7,0
1,0,0
1,0,0
1,0,0
0,0,1
4,0,0
0,0,1
0,1,0
0,1,0
0,0,29
0,4,6
0,1,0
0,1,0
0,0,1
1,4,0
1,0,0
1,0,0
0,2,0
0,0,1
0,3,0
0,0,1
0,0,3
0,1,0
0,0,1
0,0,24
0,1,0
0,0,4
0,1,0
0,0,1
0,1,0
1,0,0
0,1,0
0,1,0
0,3,9
0,1,0
0,0,2
0,0,1
0,0,2
0,0,1
0,0,1
1,0,0
1,0,0
0,0,1
0,0,2
1,0,0
0,1,0
0,1,0
0,3,10
0,1,0
22,26,1
0,1,0
0,0,4
0,4,0
1,0,0
0,1,0
1,0,0
0,1,0
3,0,0
0,2,0
0,0,1
1,0,0
2,0,0
0,0,1
0,0,2
0,0,2
0,1,0
0,0,3
0,0,1
0,1,0
0,1,0
0,1,0
0,0,1
0,5,0
0,1,0
0,1,0
0,2,0
0,0,1
0,0,3
0,1,0
0,2,0
0,0,28
0,1,0
0,0,1
0,1,0
4,2,0
0,0,1
0,1,0
0,1,0
0,0,6
0,1,0
0,0,26
0,1,4
0,1,0
1,0,0
0,0,1
0,0,1
0,0,2
0,1,0
0,0,2
0,1,0
0,0,2
0,0,1
0,1,0
0,0,1
1,0,0
0,4,0
1,0,0
2,0,0
0,0,3
0,1,0
0,0,1
1,0,0
0,0,1
0,2,0
0,2,0
0,0,1
1,0,0
0,1,0
0,1,0
0,0,1
1,0,22
0,1,0
0,0,21
1,0,0
0,0,1
1,0,0
1,0,0
1,0,0
15,0,0
2,0,0
0,1,0
0,1,0
0,1,0
11,0,0
1,0,0
0,1,0
0,0,2
2,0,0
0,1,0
0,1,0
0,0,18
1,0,0
0,0,1
0,2,0
0,0,2
0,0,16
0,1,0
1,0,0
0,2,0
0,0,2
2,7,0
1,0,0
1,0,0
0,4,1
0,1,0
3,0,0
0,1,0
0,1,0
0,0,19
0,1,0
0,0,18
1,0,0
1,0,0
0,1,0
29,38,23
1,0,0
0,1,0
0,0,1
0,2,0
0,1,0
0,0,1
0,0,2
2,0,0
0,1,0
0,0,1
0,0,22
0,1,0
2,0,0
33,40,45
1,0,0
1,0,0
0,0,4
0,1,0
0,6,0
0,14,0
1,0,0
0,0,3
0,0,1
0,0,1
1,0,0
3,0,0
0,1,0
0,0,9
2,0,0
4,0,0
3,0,0
0,0,1
2,0,0
0,0,2
0,1,0
0,0,1
0,1,0
0,0,1
3,12,42
0,1,0
0,0,1
0,0,22
0,1,0
1,0,0
0,0,1
0,4,5
0,1,0
2,0,0
0,1,0
0,0,2
0,6,0
0,1,0
0,1,0
48,28,34
0,2,0
0,1,0
0,0,2
0,1,0
1,0,0
0,0,1
0,0,1
0,2,0
0,0,1
0,1,0
1,0,0
1,0,0
0,0,2
0,1,0
0,1,0
0,1,0
0,1,0
0,0,1
0,0,2
0,12,0
0,0,34
0,1,0
0,5,2
0,0,1
16,21,0
0,0,1
0,0,1
5,0,0
0,2,0
0,2,0
0,1,0
0,0,1
0,1,2
1,0,0
0,0,1
0,2,0
0,1,0
0,1,0
0,0,26
1,0,0
0,0,1
0,0,1
0,0,2
0,0,4
1,0,0
0,0,2
0,1,0
0,0,2
1,0,0
0,0,37
0,0,1
1,0,0
1,0,0
0,0,2
0,0,24
1,0,0
1,0,0
0,5,0
0,0,4
0,0,1
0,0,9
0,1,0
0,0,1
0,15,1
0,0,1
1,0,0
0,1,0
2,0,0
0,0,1
0,1,0
0,1,0
0,2,0
0,0,1
0,1,0
1,0,0
17,0,0
0,5,2
0,2,0
0,2,0
1,0,0
0,1,0
1,0,0
0,1,0
0,1,0
0,0,1
0,1,0
0,1,0
0,0,1
0,0,1
0,1,0
1,0,0
0,1,0
0,1,0
0,1,0
1,0,0
1,0,0
1,0,0
0,0,27
0,0,1
2,0,0
2,0,0
11,7,0
1,0,0
0,1,0
0,3,0
0,0,3
1,0,0
0,0,4
0,1,34
1,0,0
0,0,2
0,0,2
0,1,0
0,0,1
0,0,1
0,0,1
1,0,0
0,3,3
0,0,3
1,0,0
0,1,0
0,1,0
0,2,0
1,0,0
0,0,15
1,0,0
0,1,0
0,1,3
0,1,0
0,7,0
0,0,1
0,1,0
0,7,0
0,0,1
0,1,0
0,3,0
0,0,3
0,1,0
0,1,0
0,0,1
0,0,1
0,0,1
0,0,1
1,0,0
0,1,0
0,9,0
2,0,0
0,5,0
3,0,0
43,37,36
0,2,0
0,1,0
0,0,5
0,1,0
0,0,2
1,0,0
0,0,2
0,0,3
0,2,0
0,0,1
1,0,0
0,0,21
0,0,2
39,33,35
0,1,0
0,2,0
0,0,6
0,2,0
0,0,1
0,10,38
0,0,1
0,1,0
0,1,0
0,0,1
0,2,0
0,0,1
31,30,26
0,0,1
0,6,0
0,0,1
29,47,40
0,1,0
0,1,0
0,0,14
24,24,0
0,1,0
0,1,0
1,0,0
1,8,0
1,0,0
0,1,0
0,1,0
0,0,1
0,1,0
0,1,0
1,0,0
0,0,1
3,0,0
1,0,0
0,1,0
1,0,0
2,0,0
1,0,0
5,0,0
3,9,42
0,3,0
0,0,2
1,0,0
0,0,1
0,0,1
1,0,0
1,0,0
0,0,2
0,0,2
0,0,16
0,1,0
0,0,1
0,1,0
0,0,1
0,1,0
0,0,1
3,0,0
1,0,0
0,0,1
0,0,1
1,0,0
0,0,22
1,0,0
0,0,32
1,0,0
38,35,38
0,1,0
0,0,1
0,0,1
3,7,0
0,1,0
0,1,0
39,39,41
0,1,0
0,2,0
0,0,1
0,0,32
0,1,0
0,2,2
40,33,37
0,0,1
1,0,0
0,0,2
0,0,1
0,2,1
0,16,1
1,0,0
0,0,1
0,1,0
0,3,0
0,0,1
1,0,28
0,6,2
0,1,0
0,1,0
0,0,4
2,0,0
0,0,1
0,1,0
0,0,28
0,2,0
1,0,0
0,1,0
0,1,0
0,1,0
2,0,0
0,0,3
0,1,0
0,0,1
0,0,20
0,0,1
0,1,0
0,0,21
0,2,0
9,1,0
0,1,0
0,1,0
0,0,1
1,0,0
0,1,0
0,1,0
1,0,0
1,0,0
0,0,3
1,0,0
0,0,1
1,0,0
0,1,0
0,0,1
0,0,1
1,0,0
35,35,41
0,0,1
0,1,0
0,5,0
0,0,8
0,0,28
1,0,0
0,0,30
0,0,1
0,0,7
0,0,1
1,0,0
0,1,0
0,1,0
1,0,0
0,0,2
0,0,1
1,0,0
0,0,9
0,0,35
1,0,0
0,1,0
12,0,0
0,0,3
0,0,1
0,8,5
4,0,0
1,7,41
3,0,0
0,1,0
0,0,7
0,0,1
0,0,2
1,0,0
0,2,0
9,22,0
1,0,0
0,0,2
0,0,1
0,3,1
0,2,0
1,0,0
1,0,0
0,0,1
3,0,0
0,1,0
1,0,0
0,1,0
0,0,1
0,2,0
0,1,0
0,0,15
0,1,0
0,9,6
0,2,0
0,0,1
0,1,0
1,0,0
0,0,1
1,0,0
0,0,1
0,0,38
2,0,0
0,1,7
0,1,0
1,0,0
0,1,0
1,0,0
0,26,1
0,0,3
1,0,0
1,0,0
0,0,2
0,1,0
0,0,18
0,0,2
0,1,0
1,0,0
0,1,0
2,0,0
0,2,0
0,0,1
2,0,0
0,0,1
0,2,0
0,1,6
0,1,0
0,1,0
2,0,0
0,1,0
1,0,0
1,0,0
1,0,0
1,0,0
0,0,1
1,0,0
0,0,3
0,4,9
0,3,1
0,1,0
0,1,0
1,0,0
0,0,1
0,0,1
15,0,0
0,1,0
0,0,1
43,39,43
1,0,0
0,0,2
0,0,1
0,5,5
0,1,0
0,0,1
0,1,0
0,0,1
0,0,1
0,0,4
0,0,3
1,0,0
2,0,0
0,0,2
1,0,0
1,0,0
0,1,0
1,0,0
0,0,1
1,0,0
0,0,2
0,1,0
0,1,0
0,0,8
0,0,2
18,0,0
0,1,0
0,1,0
0,1,0
0,3,0
1,0,0
1,0,0
1,0,0
0,1,0
0,1,0
8,0,0
0,5,0
0,0,1
0,0,1
0,0,1
0,0,1
11,0,0
4,0,0
1,0,0
0,1,0
0,3,6
0,1,0
0,0,2
0,0,1
1,0,0
0,0,1
0,0,4
1,0,0
0,0,1
0,0,1
0,0,1
1,0,0
0,0,1
0,5,0
0,0,1
1,0,0
0,0,2
16,27,0
1,0,0
0,0,29
0,0,4
0,0,6
0,0,32
0,0,5
3,0,0
0,1,0
0,1,0
0,24,0
0,0,26
0,0,1
0,1,0
8,0,0
0,1,0
0,1,0
1,0,0
2,0,0
0,1,0
0,1,0
0,0,24
0,1,0
1,0,0
0,0,1
0,1,0
0,1,0
0,0,23
0,1,0
0,1,0
1,0,0
0,0,3
0,3,0
1,0,0
0,1,0
0,1,0
5,0,0
3,0,0
1,0,0
0,0,4
0,2,0
0,0,1
0,0,1
0,0,1
49,35,56
0,4,0
0,0,3
0,0,1
1,0,0
0,1,0
0,1,0
13,0,0
0,1,0
0,0,5
0,0,1
0,0,1
0,0,1
0,1,0
0,3,4
0,1,0
0,0,1
0,1,0
0,6,8
0,0,1
9,0,0
47,48,32
0,1,0
2,0,0
1,0,0
29,24,29
0,6,4
0,0,1
14,0,0
0,10,7
0,3,0
0,1,0
0,0,1
0,1,0
0,0,21
0,0,2
0,0,23
0,0,1
1,0,0
0,1,0
2,0,0
0,1,0
0,2,0
1,0,0
0,1,0
3,0,0
0,3,1
0,1,0
0,1,0
0,0,3
0,0,2
0,0,1
0,2,0
0,1,0
0,0,26
0,0,4
0,1,0
0,1,0
0,0,3
0,0,1
15,0,0
2,20,0
1,0,0
1,6,0
0,0,2
2,0,0
0,1,0
0,1,0
1,0,0
2,0,0
0,1,0
0,0,1
0,1,0
0,0,2
0,1,0
1,0,0
0,0,1
1,0,0
0,1,0
0,2,0
0,0,7
0,0,1
39,35,47
0,0,1
0,1,0
0,2,0
0,0,9
0,1,0
0,0,8
0,0,1
1,0,0
0,0,3
0,0,2
1,0,0
0,0,1
0,1,0
0,0,1
0,1,0
6,0,0
1,0,0
0,0,33
2,0,0
0,1,0
0,1,0
0,5,0
2,0,0
2,0,0
0,5,3
0,0,1
0,1,0
0,1,0
0,0,1
0,0,3
0,3,0
0,1,0
1,0,0
0,1,0
0,0,1
0,0,1
0,1,0
0,1,0
0,0,2
1,0,44
0,6,1
0,0,20
0,1,0
1,0,0
1,0,0
0,0,2
0,0,26
0,1,0
0,4,52
2,0,0
0,1,8
1,0,0
0,1,0
0,0,3
0,1,0
0,1,0
35,37,41
0,1,0
0,1,0
1,0,0
6,0,0
5,0,0
0,1,0
0,0,6
0,0,23
0,0,26
1,0,0
0,0,2
1,0,0
0,1,0
0,0,2
0,19,0
41,37,47
0,0,2
0,1,0
1,0,0
0,0,1
1,0,0
0,0,1
0,1,0
0,1,0
0,3,0
0,0,21
0,0,2
0,0,1
38,33,46
0,0,1
0,10,34
0,2,0
2,0,0
0,0,1
0,1,0
0,1,0
1,0,0
1,0,0
0,0,1
0,0,1
0,1,0
0,4,0
1,0,0
0,1,0
1,0,0
0,0,1
4,0,0
0,1,0
0,1,0
1,0,0
2,0,0
0,0,1
0,1,0
0,1,0
49,39,34
0,0,4
1,0,0
0,1,0
0,0,6
1,0,0
0,0,1
1,0,0
0,0,1
0,1,0
0,1,0
3,0,0
0,1,5
2,0,0
0,1,0
0,0,3
0,0,10
0,0,1
1,0,0
0,0,1
0,0,1
4,0,0
1,0,0
0,1,0
0,3,0
0,0,1
0,0,1
1,0,0
0,2,0
0,0,1
0,1,0
50,41,43
0,1,0
2,0,0
0,1,0
0,1,0
0,0,1
1,0,0
1,0,0
1,0,0
0,3,0
0,2,0
0,1,0
48,41,42
0,1,0
0,1,0
0,0,1
0,0,1
0,0,1
1,0,0
1,0,0
0,0,1
0,0,1
0,0,3
0,0,4
1,0,0
0,1,0
0,0,1
0,1,0
1,0,0
0,4,0
0,0,1
0,0,2
0,0,24
0,1,0
0,4,0
0,3,4
0,1,0
0,2,0
0,0,32
0,0,1
12,0,0
0,1,0
0,1,0
0,0,1
1,0,0
0,1,0
0,1,0
0,1,0
1,0,0
0,4,0
0,1,8
0,1,0
0,0,22
0,0,1
0,1,0
0,1,0
1,0,0
0,0,15
0,1,0
0,1,0
0,0,3
0,0,1
0,8,0
0,0,1
0,0,1
4,0,0
0,2,0
0,6,11
0,0,3
0,1,1
0,1,0
0,1,0
0,1,0
1,0,0
0,7,11
0,2,0
0,1,0
3,0,0
0,0,1
0,1,0
0,0,2
1,0,0
0,0,1
0,0,1
1,0,0
0,0,3
1,0,0
1,0,0
0,0,1
0,2,0
0,0,3
0,0,7
1,0,0
0,0,1
1,0,0
0,1,3
0,1,0
0,0,1
0,3,5
0,0,28
4,0,0
7,3,0
1,0,0
1,0,0
1,0,0
2,0,0
0,4,0
0,0,2
0,1,0
40,43,48
0,0,3
0,0,1
0,1,0
0,1,0
0,0,1
13,0,0
1,0,0
0,1,0
0,4,0
1,0,0
0,0,2
0,0,19
11,25,0
0,1,0
0,0,1
1,1,0
0,1,0
0,0,4
0,0,1
2,0,0
0,0,1
0,0,2
0,0,2
0,1,0
0,0,1
0,1,0
0,1,0
2,0,0
0,1,0
0,1,0
0,0,1
0,0,2
0,3,0
0,1,0
0,0,1
0,2,0
0,0,5
0,0,1
0,1,0
0,0,1
1,0,0
1,0,0
0,0,1
0,1,0
5,0,0
0,0,1
0,2,0
0,0,1
0,0,1
0,1,0
2,0,0
0,0,1
0,0,3
1,0,0
0,0,1
1,0,0
1,0,0
0,0,1
0,0,30
1,0,0
0,0,19
0,1,0
0,1,0
0,1,0
45,37,56
0,1,0
0,1,0
0,0,2
0,1,0
0,0,1
0,0,6
1,0,0
0,1,0
0,0,2
0,2,0
1,0,0
0,1,0
1,0,0
1,0,0
0,0,3
1,0,0
0,1,0
0,1,0
8,0,0
0,0,21
0,0,2
1,0,0
0,6,4
0,3,0
0,0,2
0,7,1
1,0,0
2,0,0
0,0,32
0,0,1
0,1,0
0,1,0
1,0,0
1,0,0
0,0,1
0,0,32
0,4,0
0,12,36
0,1,0
0,0,1
0,0,1
0,2,0
1,0,0
0,0,1
1,0,0
0,0,1
0,1,0
0,0,1
0,1,0
3,0,0
0,1,0
0,2,0
0,1,0
0,2,0
1,0,0
0,1,0
0,1,0
0,1,0
0,1,0
0,1,0
0,0,2
0,1,0
0,0,1
1,0,0
0,0,8
0,0,1
1,0,0
0,2,0
0,0,15
0,1,0
0,0,1
16,0,0
0,1,0
0,1,0
0,0,30
0,1,0
0,0,1
0,3,0
0,3,0
0,0,1
1,0,0
1,0,0
0,1,0
1,0,0
0,1,0
1,0,0
0,0,1
0,0,18
1,0,0
0,1,0
0,1,0
1,0,0
0,1,0
0,2,0
0,1,0
0,1,0
0,0,1
0,0,3
0,0,1
1,0,0
25,0,0
1,0,0
0,0,1
4,0,0
0,0,1
0,0,1
0,2,0
0,1,0
1,0,0
1,0,0
0,1,0
0,0,1
0,1,0
0,0,23
0,14,0
0,0,1
1,0,0
0,1,0
0,1,0
0,1,0
0,1,0
1,0,0
0,1,0
0,1,0
1,0,0
1,0,0
1,0,0
1,0,0
0,0,2
37,43,39
2,0,0
0,7,0
0,0,1
0,0,1
1,0,0
0,0,3
0,1,0
3,0,0
1,0,0
0,0,2
0,0,1
0,0,1
0,1,0
0,1,0
0,0,1
0,1,0
1,0,0
0,0,21
0,1,0
0,0,1
0,2,0
14,24,0
0,5,0
0,1,0
2,0,0
0,0,5
0,1,0
3,0,0
0,0,1
0,1,0
7,0,0
1,0,0
0,0,1
0,0,1
0,1,0
1,0,0
1,0,0
0,2,0
0,0,1
14,28,0
0,1,0
0,1,0
1,0,0
3,0,0
0,1,0
1,0,0
0,1,0
14,0,0
0,1,0
0,0,1
0,0,2
0,2,0
2,0,0
0,0,1
0,2,0
0,2,2
0,0,1
2,0,0
0,2,0
1,0,0
1,2,0
41,43,49
1,0,0
1,0,0
0,1,0
0,1,0
0,7,0
0,1,34
0,2,0
0,1,0
2,0,0
2,0,0
0,0,3
1,0,0
1,0,0
0,1,0
0,22,1
0,0,1
1,0,0
0,1,0
0,0,2
0,1,25
0,1,0
1,0,0
0,0,1
0,0,1
0,0,19
0,3,0
2,0,0
1,0,0
0,0,1
0,1,0
1,0,0
0,0,1
0,0,2
0,0,1
0,0,1
0,0,3
0,1,0
0,0,1
0,1,0
0,1,0
0,0,2
0,0,2
0,1,0
0,1,0
0,1,20
4,0,0
0,0,1
0,0,1
0,0,1
0,1,0
0,0,1
5,0,0
0,2,0
12,0,0
0,0,1
1,0,0
1,0,0
0,0,1
0,1,0
3,0,0
0,0,1
0,1,0
0,0,1
0,0,29
0,3,0
0,1,0
0,1,0
0,6,0
1,0,0
4,0,0
1,0,0
0,1,0
0,0,1
0,0,1
1,0,0
0,1,0
1,0,0
0,0,1
1,0,0
0,1,0
1,0,0
0,0,1
1,0,42
2,0,0
0,0,28
0,4,0
0,1,0
0,1,10
0,0,1
0,0,1
12,0,0
0,0,1
0,0,1
0,1,0
1,0,0
0,1,0
0,1,0
1,0,0
0,0,20
1,0,32
0,0,1
2,0,0
2,0,0
0,1,0
0,2,0
0,0,1
0,0,1
0,1,0
0,0,26
0,0,1
0,0,1
0,0,5
1,0,0
0,0,3
0,0,1
1,0,0
0,1,0
0,0,1
0,0,1
0,4,7
0,0,1
0,2,0
0,0,20
0,1,0
0,1,0
0,0,28
7,0,0
0,1,0
0,2,0
36,47,34
39,42,28
0,2,0
0,1,0
5,0,0
0,0,1
0,0,2
0,0,1
2,0,0
0,0,1
0,0,1
0,3,5
0,0,1
0,0,2
1,0,0
1,0,0
0,0,1
0,0,1
0,0,5
0,2,0
0,0,23
0,1,7
0,1,0
0,0,24
0,1,38
0,1,0
1,0,0
0,1,0
1,0,0
0,0,2
0,0,1
1,0,0
1,0,0
0,1,0
0,0,3
1,0,0
1,0,0
0,0,1
0,0,2
0,1,0
0,1,0
0,2,0
0,1,0
0,2,0
0,4,0
8,1,0
0,0,1
0,0,32
0,1,0
0,0,1
0,0,2
0,1,0
0,0,1
3,0,0
0,0,2
0,5,1
0,0,1
0,0,1
0,1,0
0,1,0
0,1,0
0,1,0
0,0,2
0,0,1
0,2,0
36,40,40
0,1,0
0,0,1
34,52,41
0,25,0
1,0,0
2,0,0
0,1,0
1,0,0
0,0,1
0,0,1
0,0,1
3,0,0
2,0,0
0,0,1
0,0,1
0,1,0
0,1,0
0,0,1
0,0,1
0,0,1
0,0,7
2,0,0
0,0,1
1,8,34
0,0,1
0,0,4
1,0,0
3,0,0
0,1,7
0,2,0
3,0,0
0,0,1
2,0,0
0,2,2
0,2,0
1,0,0
0,2,0
1,0,0
0,0,2
0,1,0
0,2,0
0,2,0
0,2,0
0,0,1
1,0,0
11,0,0
0,0,19
0,0,4
2,0,0
0,2,0
0,0,1
0,0,1
0,0,1
0,1,0
10,0,0
0,1,0
0,1,0
1,0,0
1,0,0
0,0,1
0,0,1
0,12,0
16,9,34
0,1,0
0,1,0
0,0,1
0,0,1
0,1,0
0,1,0
1,0,0
0,2,0
0,0,18
0,1,0
1,0,0
0,3,0
0,0,1
0,1,0
0,0,1
0,0,2
0,0,4
0,1,0
0,1,0
0,0,1
0,1,0
0,4,0
0,0,2
0,4,0
0,2,0
5,0,0
36,40,48
1,0,0
3,0,0
1,0,0
0,0,19
0,0,1
0,1,0
8,0,0
0,0,1
0,0,1
1,0,0
0,0,26
1,0,0
0,0,1
1,0,0
0,5,0
0,0,18
0,18,1
4,0,0
29,44,53
0,1,0
0,0,1
0,2,0
2,0,0
0,1,0
0,0,1
0,0,8
0,0,1
1,0,0
1,0,0
0,1,0
0,1,0
0,0,1
0,2,0
0,3,2
0,1,0
0,1,0
0,1,0
0,0,1
3,0,0
0,3,0
0,0,2
0,1,0
0,0,1
0,1,0
0,1,27
2,1,0
2,0,0
0,0,1
0,0,18
0,2,0
1,0,0
0,0,1
0,0,1
0,15,0
0,0,1
0,0,1
0,0,1
0,1,0
0,0,2
0,1,0
0,20,0
0,0,5
0,1,0
0,1,0
0,0,1
0,3,0
0,0,23
0,1,0
0,0,9
0,0,1
0,0,1
1,0,0
1,0,0
0,0,1
0,1,0
1,0,0
0,3,0
1,0,0
0,1,0
0,3,1
0,1,0
0,0,1
7,0,0
0,1,0
0,0,1
2,0,0
0,1,0
1,0,0
0,0,1
0,0,1
0,0,1
0,0,2
0,1,0
0,1,0
0,2,0
0,0,1
1,0,0
0,0,30
31,46,33
0,0,1
0,1,0
0,1,0
1,0,0
0,0,1
1,0,0
0,0,1
0,1,0
0,1,0
0,0,1
1,0,0
0,0,1
0,0,33
1,0,0
1,0,0
1,0,0
0,1,0
0,4,2
0,0,3
0,0,1
1,0,0
0,2,0
0,2,0
0,0,1
0,1,0
0,0,2
0,1,0
18,1,0
0,0,1
0,1,0
0,3,0
0,1,0
0,1,0
0,0,2
0,1,0
0,0,1
0,2,0
1,0,0
0,1,0
0,0,2
0,1,0
0,1,0
0,0,3
0,1,0
0,0,36
0,1,0
0,0,2
0,0,1
0,1,1
0,1,0
0,0,1
0,0,1
0,2,0
0,2,2
0,1,0
0,0,1
0,0,2
2,0,0
0,0,1
1,0,0
0,0,2
1,0,0
0,0,1
0,0,1
0,1,0
0,1,0
0,0,1
0,1,0
0,1,0
0,1,0
1,0,0
0,0,1
2,0,0
0,2,0
0,4,0
0,1,0
2,0,0
1,0,0
0,1,0
0,1,0
0,1,0
0,0,1
1,0,0
0,1,0
0,0,1
1,0,0
0,1,0
0,0,1
0,1,0
0,0,1
1,0,0
0,0,1
1,0,0
0,0,1
4,1,0
0,2,0
22,10,39
0,1,0
0,1,0
2,0,0
0,2,0
1,0,0
0,3,0
1,0,0
1,0,0
0,1,0
1,0,0
0,0,1
0,1,0
0,1,0
0,1,0
4,0,0
3,0,0
0,0,2
13,2,0
0,1,0
0,0,2
0,1,0
0,0,1
0,0,1
0,1,0
0,0,1
0,1,0
0,0,2
0,1,0
0,2,0
3,0,0
1,0,0
0,1,0
0,2,0
0,1,0
0,0,1
0,1,0
0,1,0
0,0,2
0,1,0
0,0,26
0,1,0
0,0,4
0,1,0
0,1,0
0,0,1
0,2,0
2,0,0
1,0,0
1,0,0
0,1,0
0,0,1
35,51,39
0,1,0
0,1,0
0,1,0
0,1,0
0,0,1
0,0,1
1,0,0
1,0,0
1,0,0
0,0,1
0,1,0
1,0,0
0,0,1
0,0,32
1,0,0
0,1,0
0,1,0
0,1,0
0,2,0
0,0,1
1,0,0
0,0,20
0,0,2
16,0,0
0,1,0
19,0,0
0,1,0
0,4,0
11,1,0
0,1,0
41,44,35
0,0,1
1,0,0
0,0,1
0,0,2
0,1,0
0,1,0
0,0,1
2,0,0
0,4,0
1,0,0
0,0,3
4,0,0
0,2,0
1,11,39
0,1,0
0,2,1
1,0,0
18,26,0
0,0,1
2,0,0
0,0,18
1,0,0
0,3,0
0,1,0
1,0,0
0,0,3
1,0,0
1,0,0
0,1,0
0,1,0
1,0,0
0,0,7
0,6,0
18,0,0
0,0,1
15,0,0
0,1,0
0,0,2
0,1,0
0,0,1
1,0,0
1,0,0
1,0,0
0,5,0
0,2,0
0,1,0
1,0,0
0,0,1
0,1,0
0,2,0
1,0,0
0,1,26
1,0,0
0,2,0
1,0,0
0,1,0
0,0,1
0,19,0
1,0,0
0,0,1
0,0,1
0,1,0
0,2,0
0,1,0
0,1,0
0,1,0
2,0,0
0,0,1
0,2,0
0,1,0
0,0,1
0,1,0
0,0,2
1,0,0
9,6,0
0,1,0
1,0,0
3,2,0
0,20,0
0,1,0
0,0,2
0,2,0
0,0,1
0,1,0
0,0,4
0,0,1
0,1,0
1,0,0
0,1,0
0,1,0
0,0,1
0,1,0
1,0,0
0,0,2
0,0,1
36,37,36
0,0,1
0,1,0
1,0,0
2,0,0
0,0,5
2,0,0
0,1,0
0,0,1
0,0,4
0,2,1
0,7,0
0,0,1
1,0,0
0,1,0
1,0,0
0,1,0
0,1,3
1,0,0
0,1,0
0,0,2
1,0,0
1,0,23
0,0,1
0,1,0
9,28,0
0,0,1
0,0,5
0,2,0
0,1,0
0,0,1
0,0,3
1,0,0
1,0,0
0,0,1
1,0,0
0,1,0
0,0,1
0,0,1
0,0,1
10,2,0
0,1,0
19,0,0
11,0,0
0,1,0
0,1,0
0,0,23
1,0,0
1,0,0
0,11,0
0,0,1
0,1,0
0,0,2
0,1,0
38,45,51
0,0,2
0,1,0
0,1,0
2,0,0
0,3,0
0,0,1
0,1,0
0,0,1
0,0,31
0,0,5
0,0,1
0,1,0
0,0,27
0,1,0
0,2,0
0,1,0
0,0,1
0,1,0
0,0,4
0,1,4
0,2,0
0,1,0
0,3,0
0,0,19
1,0,0
5,0,0
0,1,0
0,1,7
0,0,1
1,0,0
0,16,1
0,0,7
0,0,1
0,2,0
1,0,0
0,1,0
0,1,0
1,0,0
0,4,0
0,4,0
3,0,0
0,0,1
0,1,0
1,0,0
1,0,0
1,0,0
0,0,3
5,0,0
0,18,0
0,0,2
0,2,0
0,1,0
0,1,0
0,0,2
0,0,1
1,0,0
0,1,0
1,0,0
1,0,0
0,0,1
0,0,1
13,0,0
1,0,0
0,1,0
0,2,0
0,0,2
0,1,0
0,1,0
0,1,0
4,0,0
0,14,0
46,49,36
0,1,0
0,1,0
0,0,1
0,4,0
0,1,0
1,0,0
0,0,1
0,0,1
0,1,0
0,1,0
0,0,9
16,0,0
0,1,0
0,1,0
0,16,0
0,0,1
0,0,1
1,0,0
0,0,1
0,1,0
0,1,0
0,1,0
0,0,1
0,1,0
1,0,0
0,0,2
0,2,0
0,1,0
1,0,0
1,0,0
0,1,0
1,0,0
0,1,0
1,0,0
0,4,0
0,2,0
0,0,26
1,0,0
0,3,0
0,0,1
0,5,0
4,0,0
38,55,44
0,0,20
1,0,0
1,0,0
1,1,0
0,0,1
1,0,0
2,0,25
1,0,0
0,0,2
0,0,1
0,1,0
0,0,1
1,0,0
0,22,1
2,0,0
0,1,0
1,0,0
0,1,0
0,1,0
1,0,0
1,15,37
1,0,0
0,0,1
1,0,0
1,0,0
0,0,1
0,1,0
0,2,0
0,1,0
0,0,20
0,1,0
1,0,0
0,5,0
0,1,0
0,0,2
0,0,1
0,0,1
0,0,1
1,0,0
0,3,0
3,0,0
0,0,1
1,0,0
0,0,6
0,2,0
0,0,20
0,0,1
0,0,1
9,1,0
0,0,22
0,0,2
0,1,0
0,0,2
0,0,13
0,0,1
0,1,0
2,0,0
1,0,0
0,0,2
0,6,0
1,0,0
0,1,0
46,25,45
1,0,0
0,0,1
0,1,0
0,1,0
0,1,0
0,16,0
6,0,0
1,0,0
2,0,0
1,0,0
0,0,2
0,22,1
0,4,0
0,6,2
0,1,0
0,0,1
0,0,7
0,1,0
0,3,0
1,0,0
0,0,1
0,0,12
0,1,0
0,1,0
0,1,0
0,1,0
0,0,4
2,0,0
0,0,2
0,1,0
0,1,0
0,1,0
1,0,0
1,0,0
0,1,0
0,1,0
0,1,0
2,0,0
0,0,3
1,0,0
0,1,0
1,0,0
0,1,0
0,1,0
0,3,0
0,2,0
0,0,15
0,0,2
2,0,0
1,0,0
0,5,0
0,1,0
0,1,0
0,1,0
0,0,4
0,1,0
0,0,1
0,1,0
1,0,0
0,0,1
0,1,0
1,0,0
0,0,1
0,0,4
0,0,1
0,0,1
0,0,1
0,2,0
1,0,0
2,0,0
0,0,18
0,2,0
0,1,0
1,0,0
0,0,1
0,0,4
2,0,0
0,0,1
0,0,1
0,2,0
0,0,2
0,2,6
1,0,0
0,0,1
1,0,0
3,0,0
0,0,3
0,0,1
0,2,0
0,0,2
0,0,3
1,3,0
0,0,1
0,0,2
4,0,0
0,3,3
0,3,0
0,1,0
0,2,0
0,0,1
1,0,0
0,0,1
0,2,0
0,1,0
0,1,0
1,0,0
0,1,0
0,7,7
0,0,2
1,0,0
0,6,0
0,0,20
0,0,4
0,0,1
0,0,1
0,0,1
0,0,1
1,0,0
0,2,0
0,0,22
3,0,0
0,0,29
0,0,1
0,1,0
0,0,1
48,46,47
0,1,0
1,0,0
3,0,0
1,0,0
0,0,4
1,0,0
0,0,1
0,1,0
1,0,0
1,0,0
0,0,1
0,0,1
0,0,1
0,0,7
7,0,0
0,0,1
0,0,4
0,1,0
0,0,2
1,0,0
0,0,2
2,0,0
0,1,0
0,1,0
2,0,32
0,0,29
0,1,0
0,1,0
0,1,0
0,0,2
0,1,0
0,1,0
0,1,0
0,9,0
0,1,0
0,3,0
0,0,1
1,0,0
2,0,0
0,1,0
0,1,0
0,2,0
0,1,0
0,2,4
0,1,0
0,0,2
0,0,38
1,0,0
42,34,32
0,0,2
0,1,0
0,2,0
0,0,1
0,1,0
2,0,0
0,1,0
1,0,0
0,3,0
1,0,0
0,3,0
2,0,0
1,0,0
0,1,0
0,1,0
1,0,0
0,0,1
0,4,0
1,0,0
1,0,0
7,0,0
1,0,0
0,0,1
0,0,1
0,0,1
0,0,17
0,2,8
0,1,0
0,0,1
9,0,0
0,1,0
0,1,0
0,0,1
0,0,1
0,1,0
0,4,0
1,0,0
1,0,0
0,0,1
0,0,1
0,0,1
0,1,0
9,23,0
0,0,1
0,1,0
0,0,2
0,1,0
1,0,0
1,0,0
1,0,0
0,0,3
0,0,1
0,6,4
0,23,0
4,13,34
0,0,1
48,44,32
0,0,1
0,21,0
0,5,0
1,0,0
0,0,1
0,2,0
1,0,0
0,1,0
0,1,0
1,0,0
0,0,31
0,0,1
1,0,0
2,0,0
2,0,0
0,1,0
2,0,0
2,0,0
0,1,0
1,0,0
0,0,2
0,5,4
0,1,0
1,0,0
0,0,1
1,0,0
0,1,0
1,0,0
0,0,1
1,0,0
0,1,0
41,47,52
0,0,2
1,0,0
14,5,0
0,0,1
5,0,0
1,0,0
1,2,0
1,0,0
0,1,0
0,0,1
0,12,0
4,0,0
0,1,0
0,0,1
3,0,0
1,0,0
0,1,0
0,0,1
0,8,0
6,0,0
3,0,0
0,1,0
0,1,0
3,0,0
0,0,1
36,35,41
0,0,29
0,1,0
0,0,4
1,0,30
0,4,3
1,0,0
0,0,1
39,33,43
0,0,23
0,2,0
1,0,0
8,0,0
0,1,0
1,0,0
0,0,1
4,0,0
0,0,1
0,3,0
0,0,1
2,0,0
42,46,34
2,0,0
0,1,0
0,1,0
3,0,0
1,0,0
0,2,5
0,1,0
0,0,1
0,1,0
1,3,0
0,0,1
0,0,20
0,2,0
0,2,0
1,0,0
0,0,1
0,1,0
0,0,1
10,0,0
0,0,1
0,1,0
0,3,0
0,3,0
0,0,2
0,6,1
4,0,0
1,0,0
0,0,1
3,0,0
0,2,0
3,0,0
0,1,0
5,0,0
0,1,0
36,35,47
1,0,0
1,0,0
0,1,0
0,1,0
0,1,0
12,0,0
0,1,0
0,0,2
1,0,0
0,0,2
0,0,2
0,0,1
0,1,0
1,0,0
0,0,3
0,0,1
2,1,30
0,1,0
1,0,0
0,1,0
0,19,0
0,0,1
0,1,0
1,0,0
1,0,0
0,0,8
0,0,1
0,0,20
1,0,0
0,0,1
1,0,0
1,0,0
1,0,0
0,0,1
0,1,0
1,0,0
0,0,1
1,0,0
1,0,0
0,0,2
1,0,0
1,0,0
0,1,0
1,0,0
1,0,0
0,1,0
0,0,20
0,0,2
0,1,0
1,0,0
0,0,1
1,0,0
1,0,0
3,0,0
0,1,0
1,0,0
0,1,0
0,1,0
0,1,0
0,18,0
3,0,0
2,0,0
0,1,0
4,0,0
0,0,25
0,1,0
8,0,0
1,0,0
0,0,1
0,0,1
0,1,0
0,4,0
0,0,2
0,0,1
0,1,0
0,1,0
0,0,1
0,1,0
0,1,0
0,3,1
1,0,0
0,0,2
0,0,1
1,0,0
0,1,0
0,1,0
5,0,0
0,11,0
0,0,1
0,0,11
1,0,0
0,1,0
0,0,1
1,0,0
6,0,0
0,2,0
1,0,0
40,33,41
0,0,3
1,0,0
1,0,0
0,0,2
0,1,0
0,1,0
0,1,0
0,4,0
0,1,0
0,0,4
2,0,0
1,0,0
41,28,41
0,0,7
1,0,0
0,11,1
0,0,28
0,0,1
2,0,0
1,1,0
0,0,1
1,0,0
0,1,0
0,2,0
1,0,0
0,1,0
1,0,0
0,0,1
0,0,1
0,0,1
0,1,0
0,1,0
0,0,5
1,0,0
1,0,0
0,1,6
0,0,35
0,0,1
0,0,2
0,1,0
0,1,0
2,0,0
1,0,0
2,0,0
2,0,0
0,0,1
0,1,0
0,1,0
11,0,0
0,0,26
0,0,1
0,1,0
0,0,3
0,2,0
0,0,2
0,1,0
0,1,0
0,2,0
0,0,1
0,0,1
0,2,0
0,0,3
1,0,0
0,0,3
13,17,0
0,0,1
0,0,18
0,0,1
0,3,0
13,0,0
0,0,4
0,0,2
2,13,42
1,0,0
0,0,1
0,0,2
0,0,1
1,0,0
0,0,1
0,0,1
0,1,0
2,0,0
0,0,5
0,1,0
0,1,0
2,0,0
1,0,0
6,0,0
0,0,1
0,3,0
0,0,17
0,0,1
0,0,1
0,0,1
46,36,38
0,6,0
0,1,0
0,0,1
0,1,0
0,0,1
0,0,33
1,0,0
0,0,33
0,0,1
0,0,1
0,1,0
0,0,1
1,0,0
0,0,1
0,1,0
0,0,1
1,0,0
0,1,0
0,1,0
2,0,0
2,0,0
0,2,0
0,0,1
0,1,0
0,0,1
1,0,0
0,20,0
1,0,0
0,0,2
0,6,1
0,0,1
0,2,0
0,3,0
0,0,2
0,1,0
0,0,2
0,0,1
0,4,0
0,1,0
0,0,1
0,0,1
0,9,0
0,2,0
0,1,0
0,0,1
0,9,10
0,0,1
1,0,0
0,1,0
1,0,0
0,1,0
1,0,0
0,1,0
0,2,0
2,0,0
0,2,0
1,0,0
1,0,0
0,1,0
4,1,0
2,0,0
0,3,0
0,1,0
2,0,0
0,1,0
0,0,3
0,0,3
0,16,0
1,0,0
3,0,0
0,0,2
0,0,1
0,0,1
1,0,0
0,2,0
0,2,0
0,1,0
2,0,0
0,0,11
0,1,0
0,0,2
0,0,1
1,0,0
0,1,0
0,0,4
1,0,0
1,0,0
15,20,0
0,0,2
1,0,0
2,0,28
3,0,0
1,0,0
1,0,0
1,0,0
0,0,4
4,0,0
1,20,41
0,1,0
2,0,0
0,1,0
0,1,0
0,1,0
0,0,5
0,0,13
5,0,0
0,10,0
0,3,0
0,1,0
0,5,0
0,0,2
0,0,1
0,0,5
0,1,0
1,2,0
0,0,2
0,2,0
1,0,0
0,2,0
5,0,0
4,0,0
1,7,42
0,1,0
0,2,0
13,16,0
1,0,0
23,0,0
0,0,2
1,0,0
1,0,0
0,1,0
0,1,0
0,5,0
2,0,0
0,1,0
1,0,0
1,0,0
1,0,0
1,2,0
1,0,0
0,1,0
0,1,0
1,0,0
0,1,0
0,1,0
0,0,15
0,1,0
0,1,0
1,0,0
0,0,1
0,0,1
1,0,0
0,1,0
0,0,1
1,0,0
1,0,0
0,0,1
0,0,21
1,0,0
0,1,0
0,0,1
0,1,0
1,0,0
0,0,1
17,0,0
12,0,0
0,1,0
1,0,0
2,0,0
0,0,3
45,32,53
0,0,1
0,0,1
1,0,0
0,0,1
0,1,0
0,0,1
0,1,0
0,0,1
4,0,0
0,0,1
13,0,0
1,0,0
1,0,0
0,3,0
0,1,0
0,1,0
0,1,0
0,1,0
0,0,2
0,0,1
1,0,21
0,5,0
0,2,0
0,1,0
0,0,3
0,1,0
1,0,0
0,0,25
1,0,0
1,0,0
0,0,34
0,22,0
0,1,0
0,0,2
1,0,0
0,1,0
0,0,26
0,1,0
0,2,0
0,0,1
0,0,2
0,0,3
0,5,0
0,2,0
0,2,0
0,0,2
0,0,1
0,1,0
2,0,0
1,0,0
2,0,0
38,46,41
16,0,0
0,2,0
0,0,1
0,0,1
0,2,0
1,0,0
0,0,1
0,0,2
0,0,1
0,1,0
0,1,0
0,2,0
0,0,2
0,1,0
0,0,1
1,0,0
1,0,0
0,11,32
10,0,0
1,0,0
0,2,0
0,1,0
1,0,0
0,0,1
0,2,0
0,1,5
0,0,2
4,0,0
0,0,1
2,0,0
0,1,0
0,0,2
4,1,0
0,0,1
0,1,0
24,30,0
0,0,1
0,0,2
1,0,0
0,0,1
41,45,42
3,0,0
1,0,0
0,0,1
0,1,0
43,42,48
0,3,0
0,4,1
0,1,0
0,0,1
0,0,1
0,2,0
1,0,0
0,0,7
0,1,1
0,1,0
0,0,7
1,0,0
0,0,1
0,0,20
1,0,0
0,0,2
52,36,37
0,0,2
0,2,0
0,1,0
0,0,1
0,0,9
4,0,0
10,23,1
0,1,0
1,0,0
1,10,37
0,0,2
1,0,0
0,0,1
0,1,0
0,2,0
0,0,1
0,0,1
0,2,8
0,0,19
0,3,0
0,1,0
1,0,0
1,0,0
1,0,0
0,0,18
0,0,1
0,1,0
1,0,0
1,2,0
0,0,8
0,0,1
0,1,0
0,4,1
0,0,1
0,1,0
0,3,0
1,0,0
0,3,0
0,0,22
1,0,0
1,0,0
1,0,0
2,0,0
0,0,27
0,1,0
0,1,7
1,0,0
0,0,1
0,1,0
0,0,1
0,0,1
0,0,11
0,1,0
0,0,16
0,0,2
0,1,0
0,0,1
0,1,0
0,3,5
0,0,31
0,1,0
1,0,0
21,0,0
1,0,0
0,0,1
0,1,0
0,0,6
0,0,1
0,1,0
0,1,0
1,0,0
2,1,0
1,0,0
0,1,0
1,0,0
0,0,3
0,1,0
1,0,0
0,1,0
3,0,0
0,0,1
1,0,0
0,3,0
1,1,0
1,0,0
0,17,0
0,1,0
0,0,1
0,0,1
0,1,0
0,0,1
0,0,1
0,0,20
0,0,1
0,0,1
0,0,2
0,0,1
0,0,3
0,26,0
1,0,0
0,0,1
0,2,0
0,0,1
0,1,0
0,1,0
0,1,0
13,2,0
0,1,0
0,0,2
0,1,0
0,0,1
0,1,0
1,0,0
3,0,0
0,0,4
0,0,2
1,0,0
0,0,1
0,0,1
0,1,0
0,0,2
0,1,0
0,1,0
0,0,33
0,1,0
2,0,0
0,1,0
1,0,0
0,0,1
0,1,0
48,46,40
0,3,0
1,0,0
0,7,5
1,0,0
0,1,0
0,0,1
1,0,0
2,0,0
0,2,0
0,0,7
1,0,0
0,2,0
0,1,0
0,1,0
0,1,2
0,0,1
0,0,1
0,0,2
0,0,4
0,2,0
0,0,1
0,0,1
1,0,0
1,0,0
0,0,1
0,1,1
1,0,0
1,0,0
0,1,0
0,0,1
0,0,1
0,0,2
0,1,0
0,1,0
0,0,1
0,0,1
0,0,1
0,0,2
0,0,1
0,0,1
0,0,1
1,0,0
0,1,0
0,3,2
0,0,33
32,50,40
0,0,1
1,0,0
0,0,1
0,1,0
40,39,34
0,1,0
0,0,1
1,0,0
0,2,0
12,0,0
0,0,1
0,0,1
0,0,3
1,0,0
0,17,0
0,4,0
3,0,0
1,0,0
0,0,1
1,0,0
0,0,1
1,0,0
0,1,0
0,0,1
0,1,0
10,2,0
1,0,0
0,1,0
0,1,0
0,2,0
0,0,1
0,12,0
1,0,0
0,0,1
0,0,2
0,2,7
0,0,1
0,1,0
0,3,0
0,1,0
0,1,0
0,0,1
51,33,38
0,0,1
0,0,1
0,0,2
0,2,0
0,0,1
0,0,2
0,0,2
0,0,3
1,0,0
0,1,0
0,0,1
1,0,0
0,0,3
0,0,1
0,1,0
0,0,1
0,2,0
0,0,2
2,0,0
1,0,0
1,0,0
0,0,1
0,0,2
0,0,2
0,2,0
0,1,0
0,0,1
0,2,0
0,0,4
0,0,1
0,1,7
0,1,0
13,0,0
0,2,5
0,1,0
0,0,14
0,0,3
0,2,6
0,4,0
0,0,1
1,0,0
1,0,0
1,0,0
0,0,2
0,0,1
0,1,0
0,0,18
0,0,1
0,0,1
1,0,0
0,0,1
0,1,0
1,0,0
0,1,0
2,0,0
3,0,0
0,2,0
0,0,1
0,0,1
2,0,0
1,0,0
0,0,1
0,0,1
0,1,0
0,0,1
0,0,4
1,0,0
0,1,0
1,0,0
1,0,0
2,0,0
0,1,0
2,0,0
1,0,0
0,0,1
0,1,0
30,33,45
2,0,0
0,0,1
0,1,0
0,0,26
0,0,1
0,0,12
0,0,1
0,0,1
0,1,0
0,2,0
0,0,27
0,0,1
0,2,0
0,1,0
1,0,0
0,0,1
0,1,0
0,1,0
0,1,0
0,3,0
0,1,0
0,0,2
0,0,1
0,1,0
2,0,0
0,1,0
0,2,0
0,1,3
1,0,0
0,1,0
2,0,0
0,0,1
2,0,0
0,0,24
0,1,0
0,0,1
11,2,0
0,2,0
1,0,0
0,0,1
0,18,0
0,0,1
1,0,0
0,0,1
0,1,0
0,2,0
1,0,0
0,1,0
0,0,2
0,1,0
0,0,1
0,0,1
0,0,1
1,0,0
0,0,24
1,0,0
0,0,11
0,0,1
0,2,0
0,0,4
0,0,1
0,0,1
0,1,0
0,0,1
0,0,2
0,1,0
1,0,0
40,44,51
0,0,11
1,0,0
0,1,0
0,0,17
0,1,0
0,1,0
0,3,0
0,0,2
0,0,1
0,0,1
1,0,0
0,0,18
0,0,1
2,0,0
0,2,0
0,10,5
0,1,0
0,0,5
0,2,0
0,9,7
0,1,0
0,0,1
1,0,0
0,7,0
0,2,0
1,0,0
0,0,1
0,0,1
0,1,0
0,0,4
1,0,0
0,0,1
0,1,0
1,0,0
0,0,1
0,0,1
0,1,0
1,0,0
0,1,33
0,1,0
0,0,2
0,0,1
0,0,4
0,0,2
0,0,3
0,0,3
0,0,1
0,0,1
0,16,0
0,1,0
0,0,1
0,5,0
1,0,0
0,1,0
0,1,0
0,1,0
0,1,0
0,1,0
0,0,2
1,0,0
0,0,1
0,0,2
0,2,0
1,0,0
0,0,3
0,0,31
2,0,0
4,0,0
0,1,0
0,1,0
0,1,0
0,0,1
0,0,1
0,2,0
1,0,0
0,1,0
0,0,29
0,0,1
43,42,56
0,0,29
0,0,3
0,2,0
0,1,0
0,1,0
1,0,0
0,0,1
0,1,0
0,0,1
0,0,38
0,2,0
0,0,3
1,0,0
1,0,0
0,2,0
0,0,2
0,1,0
45,43,32
1,0,0
0,1,0
0,1,0
0,0,1
0,0,3
0,2,0
0,1,0
0,0,1
1,0,0
0,0,2
0,2,0
0,0,13
0,2,0
14,23,0
0,4,1
4,0,0
9,0,0
0,3,0
0,0,2
0,0,1
0,1,0
0,0,1
0,1,0
0,1,0
0,0,22
0,1,0
0,1,0
0,12,0
0,1,0
1,0,0
0,1,0
0,1,0
0,3,0
0,2,0
0,1,0
0,1,0
0,1,0
1,0,0
0,0,1
13,1,0
0,0,2
0,4,0
0,0,1
0,2,0
0,0,2
0,0,4
0,0,1
0,0,1
0,1,0
0,0,25
0,1,0
0,0,9
1,0,0
38,45,35
2,0,0
0,3,5
0,0,2
0,0,1
0,1,0
0,1,0
0,1,0
0,6,7
0,4,12
0,1,0
1,0,0
0,1,0
0,0,1
41,42,37
0,1,0
0,0,1
0,1,0
0,1,0
0,0,1
0,0,2
3,0,0
4,0,0
0,0,5
1,0,0
0,2,0
0,1,3
0,0,1
47,38,33
1,0,0
0,0,27
1,0,0
1,0,0
1,0,0
0,0,35
1,0,0
0,0,1
3,0,0
0,0,1
0,0,1
42,51,34
0,1,0
1,0,0
0,0,1
0,0,1
1,0,0
0,1,0
1,0,0
3,0,0
1,0,0
0,0,1
0,21,0
1,0,0
0,0,6
0,0,1
0,0,1
1,0,0
2,4,0
0,2,0
0,0,1
1,0,0
0,3,0
0,1,0
0,1,0
0,0,1
0,0,1
0,0,1
0,0,1
1,0,0
0,1,0
1,0,0
0,0,1
0,0,2
10,0,0
1,0,0
1,0,0
0,0,2
0,1,0
3,0,0
0,0,1
0,0,11
1,0,0
1,0,0
0,1,0
0,0,2
0,0,18
2,0,0
1,0,0
1,0,0
1,0,0
0,0,1
16,35,0
0,8,0
1,0,0
3,0,0
0,0,1
0,0,2
3,0,0
1,0,0
0,1,0
35,41,38
0,2,0
0,0,1
0,0,3
1,0,0
0,1,0
1,0,0
3,0,0
0,0,1
0,1,0
1,0,0
0,0,1
0,1,0
2,0,0
1,0,0
5,0,0
1,11,35
0,1,0
0,0,3
0,1,0
0,0,2
6,0,0
0,1,0
0,0,3
0,2,0
0,0,1
2,0,0
0,1,0
0,1,0
1,0,0
0,0,1
0,0,1
0,2,0
0,1,0
1,0,0
0,1,0
0,0,24
0,2,0
2,0,0
0,0,9
0,0,1
0,1,0
0,3,0
0,0,1
0,0,1
2,0,0
0,0,26
0,1,0
0,0,1
1,0,0
0,0,3
0,1,0
0,0,1
0,1,0
0,0,1
0,0,1
1,0,0
0,1,0
0,2,0
0,0,1
0,0,2
1,0,0
0,1,0
2,0,0
0,0,1
1,0,0
0,1,0
2,0,0
0,1,0
0,0,40
0,0,1
0,7,0
1,0,0
0,1,0
0,0,6
2,0,0
0,0,1
0,1,0
0,0,2
0,0,1
2,0,0
18,0,0
1,0,0
1,0,0
0,0,1
0,1,0
0,5,0
0,1,0
0,0,15
2,0,0
0,1,0
0,0,2
0,1,0
1,0,0
1,0,0
0,0,3
0,0,1
2,0,0
0,1,0
2,0,0
0,1,0
1,0,0
0,0,3
1,0,0
0,1,0
0,1,10
0,1,0
0,1,0
0,0,1
0,5,0
0,2,0
17,0,0
1,0,0
0,1,0
0,1,0
1,0,0
1,0,0
0,0,1
0,1,0
0,1,0
0,0,3
0,0,6
0,1,6
0,1,0
0,0,30
1,0,0
0,3,0
0,0,7
0,0,1
0,0,1
0,1,0
0,1,0
0,0,1
0,3,0
0,0,1
0,1,0
0,1,0
0,1,0
0,0,1
0,0,1
0,1,0
0,1,0
0,0,1
0,0,10
0,1,0
0,15,1
0,1,0
0,0,1
0,2,0
2,0,0
0,1,0
1,0,0
0,0,1
0,0,1
1,0,0
0,1,0
21,0,0
0,1,0
0,0,1
22,0,0
0,0,2
0,1,0
0,0,2
1,0,0
0,1,0
0,0,1
0,1,0
0,1,0
3,0,0
46,41,44
0,1,0
0,2,0
0,0,4
0,0,2
0,1,0
0,1,0
0,1,0
0,1,0
0,1,0
0,1,0
2,0,0
0,1,0
0,1,0
0,1,0
0,0,2
0,5,0
0,2,0
2,0,0
0,17,1
0,2,0
0,3,0
1,0,0
0,0,1
0,0,1
2,7,47
1,0,0
0,1,0
0,1,0
0,0,1
0,1,0
14,0,0
0,3,0
0,0,1
0,1,0
0,1,0
0,1,0
1,0,0
0,2,0
0,3,0
2,0,0
1,0,0
0,0,8
0,2,0
1,0,0
0,1,0
0,0,1
1,0,0
17,0,0
3,0,0
0,0,7
1,0,0
1,0,0
0,0,3
0,0,1
0,0,1
0,1,0
1,0,0
0,2,0
0,1,0
4,3,0
0,0,1
1,0,0
0,0,1
0,0,11
0,0,3
0,1,0
0,0,1
0,1,0
0,0,1
0,0,1
0,0,1
2,0,0
0,0,1
0,1,0
1,0,0
1,0,0
0,0,1
47,30,38
0,1,0
4,0,0
1,0,0
1,0,0
0,2,0
2,11,39
0,1,0
1,0,0
0,0,1
0,1,0
0,0,1
0,0,1
0,0,1
0,1,0
0,1,0
0,1,0
0,2,0
0,0,2
0,1,0
4,0,0
1,0,0
0,0,2
1,0,0
0,1,0
0,6,0
0,0,1
1,0,0
0,1,0
0,1,0
4,0,0
3,0,0
0,0,1
2,0,0
0,0,1
0,1,0
0,0,1
4,0,0
0,1,0
0,1,0
2,0,0
0,0,1
0,1,0
0,1,0
0,1,0
0,0,20
1,0,0
0,0,1
0,4,0
0,1,0
1,0,0
5,0,0
0,0,1
1,0,0
1,0,0
0,1,0
0,1,0
0,1,0
2,0,0
0,0,25
0,1,0
3,0,0
0,2,0
0,3,0
0,0,1
0,3,0
0,0,7
0,0,1
2,0,0
0,0,1
1,0,0
0,0,1
0,1,0
0,1,0
0,5,4
1,0,0
0,0,1
0,2,0
0,0,1
0,0,1
0,0,23
0,1,0
1,0,0
0,1,0
0,1,0
1,0,0
0,16,0
15,0,0
0,7,2
0,1,0
0,0,1
1,0,0
0,1,0
0,0,2
0,0,1
0,1,0
1,0,38
0,1,0
0,0,5
1,0,0
0,1,0
0,0,4
0,0,2
0,1,0
0,0,18
0,2,1
0,0,32
0,0,4
0,0,3
1,0,0
1,0,0
0,0,19
0,4,6
0,1,0
0,3,0
2,0,0
0,0,1
0,5,11
0,0,2
3,0,0
1,0,0
1,0,0
2,0,0
10,23,1
0,1,0
0,0,6
0,5,1
0,0,1
0,1,6
0,1,1
2,0,0
0,1,0
0,0,1
0,0,2
0,0,1
0,1,0
1,0,0
0,0,1
0,0,1
0,2,0
0,1,0
0,1,0
3,0,0
1,0,0
0,0,4
0,0,1
0,1,0
0,0,3
0,1,0
0,15,0
0,1,0
1,0,0
0,0,1
0,0,2
0,0,1
0,0,1
0,3,0
0,0,1
1,0,0
0,1,0
0,0,1
0,0,3
0,2,0
0,2,0
0,1,0
0,0,1
0,0,2
0,1,0
0,1,0
0,0,1
0,12,0
0,1,0
0,0,1
2,0,0
0,1,0
0,3,0
39,50,36
1,0,0
0,0,1
0,1,0
0,0,1
0,0,2
0,0,3
1,0,0
0,1,0
0,0,4
0,1,0
1,0,0
1,0,0
0,0,21
0,2,0
0,0,1
0,0,1
1,0,0
0,0,1
0,1,0
0,1,0
1,0,0
0,2,0
0,26,0
1,0,0
0,0,18
0,0,1
0,1,0
4,0,0
1,0,0
0,1,0
0,0,1
1,0,0
0,0,1
0,1,0
1,0,0
0,0,1
40,42,39
1,0,0
0,2,0
0,0,1
1,0,0
1,0,0
13,0,0
1,0,0
1,0,0
0,0,1
0,2,0
0,1,1
2,0,0
0,0,1
3,0,0
3,0,0
1,0,0
13,0,0
0,1,0
0,0,1
0,0,27
0,0,31
0,0,1
0,0,13
0,0,1
0,1,0
0,2,0
0,1,0
0,1,0
0,0,3
14,0,0
1,0,0
0,0,1
16,0,0
1,0,0
0,0,1
0,0,1
0,0,2
1,0,0
1,0,0
0,0,2
0,0,1
1,0,0
0,0,1
0,1,0
1,0,0
1,0,0
0,0,1
0,0,1
0,3,0
1,0,0
0,1,0
0,0,1
0,0,1
0,1,0
0,1,0
0,1,0
0,0,3
1,0,0
0,1,0
11,0,0
11,19,1
0,1,0
0,3,7
0,1,0
0,0,1
1,0,0
0,1,0
0,0,1
1,0,0
2,0,0
0,0,2
0,8,4
0,0,1
0,1,0
0,1,0
0,0,29
0,0,2
0,0,1
0,1,0
0,1,0
1,0,0
3,0,0
0,1,0
10,24,0
1,0,0
1,24,1
0,0,2
0,0,1
6,0,0
0,3,0
0,2,0
0,0,2
0,1,0
0,1,0
1,0,0
2,0,0
0,0,2
0,1,0
0,0,1
0,0,1
0,0,9
1,0,0
0,0,9
0,0,2
1,0,0
7,2,0
1,0,0
0,1,0
0,1,0
1,0,0
2,0,0
0,0,1
0,0,2
0,0,1
1,0,0
0,1,0
3,0,0
0,0,4
0,0,2
25,16,37
1,0,0
0,0,1
0,0,1
1,0,0
0,0,1
0,0,3
0,4,0
0,1,0
1,0,0
0,0,1
0,13,0
0,2,0
0,1,0
1,0,0
0,1,0
0,0,1
0,1,0
0,1,0
0,0,2
0,1,0
0,0,1
0,1,0
0,0,1
0,0,1
4,0,0
0,1,0
0,1,0
1,0,0
0,0,1
0,0,1
0,0,21
2,0,0
1,0,0
0,0,1
0,0,1
1,3,0
0,1,0
0,0,1
0,0,1
0,0,1
0,1,0
1,0,0
1,0,0
0,0,4
0,0,1
0,0,4
0,0,21
0,0,4
0,6,6
0,3,0
0,4,0
0,0,1
0,0,1
0,1,0
0,0,1
1,1,0
0,1,0
0,0,19
0,2,0
0,0,1
0,0,1
33,39,45
0,0,1
1,0,0
1,0,0
0,1,0
0,0,4
0,0,2
0,0,1
1,0,0
0,0,1
1,0,0
0,0,1
1,0,0
1,0,0
0,1,0
1,0,0
0,1,0
1,1,0
1,0,0
0,0,1
0,1,0
0,1,0
0,1,0
0,1,0
0,1,0
6,5,0
0,2,0
0,7,0
9,0,0
0,0,4
2,0,0
39,35,38
0,0,1
0,1,0
0,0,2
0,0,1
0,1,0
0,1,0
0,2,0
0,0,1
0,0,2
0,0,2
1,0,0
1,0,0
0,2,0
45,30,37
0,2,0
0,2,0
1,0,0
0,1,0
0,0,1
1,1,34
1,0,0
0,1,0
0,1,0
0,0,1
8,6,0
0,1,0
0,0,29
1,0,0
0,1,0
39,45,50
0,1,0
0,2,0
0,0,1
0,2,0
0,0,4
0,2,0
0,6,0
0,1,0
1,0,0
0,1,0
0,0,10
0,0,1
0,0,21
0,0,2
0,1,0
0,0,1
0,2,0
0,0,33
0,0,1
1,0,0
1,0,0
1,0,0
2,0,0
1,0,0
0,9,6
1,0,0
0,1,0
0,2,0
0,0,4
3,0,0
0,0,3
0,0,20
0,3,0
0,1,0
0,1,0
0,4,1
0,1,0
1,0,0
0,9,25
0,1,0
0,0,26
0,0,2
1,6,38
0,0,1
1,0,0
0,0,5
1,0,0
0,1,0
0,0,1
0,1,0
0,1,0
1,0,0
0,1,0
0,0,1
1,0,0
0,1,0
0,0,1
1,0,0
0,0,1
0,0,1
0,4,0
3,0,0
0,1,0
0,0,2
0,0,6
0,0,22
0,1,0
0,1,0
0,1,0
1,15,45
1,0,0
0,1,0
0,0,1
0,0,25
12,0,0
0,0,3
0,1,0
0,1,0
1,0,0
1,0,34
2,0,0
2,0,0
0,0,2
0,1,0
0,0,1
0,0,1
0,0,1
0,1,0
0,1,0
0,1,0
0,0,1
0,3,0
0,1,0
0,0,1
0,1,0
0,0,2
0,1,0
0,0,1
0,0,1
0,0,1
0,0,4
1,0,0
0,0,1
0,1,0
0,0,1
0,0,1
44,50,38
0,1,0
0,0,1
1,0,0
12,17,1
0,2,0
0,0,1
1,0,0
0,23,0
0,0,2
0,1,0
0,0,2
0,2,0
0,0,1
0,0,1
0,1,0
16,0,0
0,1,0
0,0,1
0,0,1
0,2,0
0,1,0
0,1,0
4,0,0
0,0,36
0,2,0
0,1,0
0,1,0
0,0,4
0,0,2
0,2,0
1,0,0
0,0,1
0,0,1
47,45,29
0,0,1
1,0,0
0,4,0
1,0,0
2,0,0
0,0,1
1,0,0
0,2,0
0,0,3
0,0,1
0,5,3
0,1,0
0,0,1
0,1,0
0,0,1
0,0,1
0,0,1
0,1,0
0,2,0
0,0,3
0,3,0
1,0,0
44,42,45
0,0,1
0,1,1
0,0,1
1,0,0
0,0,1
0,0,9
0,0,3
1,0,0
0,1,0
0,1,0
2,0,0
2,0,0
0,1,0
38,45,43
0,0,5
0,0,1
0,1,1
0,0,17
1,0,0
3,1,0
0,0,28
1,0,0
0,1,0
0,0,1
0,1,0
0,1,0
0,2,0
0,1,0
0,1,0
0,2,0
1,0,0
0,2,0
0,0,1
0,1,0
0,1,0
0,3,1
0,0,21
0,0,1
0,1,0
0,0,4
0,0,8
3,0,0
1,0,0
41,34,44
0,0,26
0,0,24
1,0,0
2,0,0
0,1,0
1,0,0
0,1,0
0,0,8
18,19,0
0,2,0
0,0,3
5,0,0
7,0,0
0,1,0
0,0,4
0,1,0
0,5,4
1,0,0
0,1,0
0,2,0
0,0,1
0,7,8
0,0,1
2,8,32
0,0,1
0,1,0
1,0,0
0,0,4
0,2,0
0,1,0
1,0,0
0,2,0
1,0,0
0,1,0
0,1,0
1,0,0
0,0,1
0,1,0
1,1,0
0,0,1
0,3,0
0,1,0
0,1,0
0,2,0
0,6,0
0,0,1
0,2,0
16,0,0
1,0,0
0,0,2
0,1,0
0,0,4
0,0,1
1,0,29
0,0,1
0,0,1
0,0,26
0,0,2
0,1,0
0,0,1
0,0,1
1,0,0
0,1,0
0,1,0
0,1,0
0,1,0
13,1,0
0,1,0
1,0,0
0,0,3
0,0,1
2,0,0
0,0,1
1,0,0
0,1,0
0,0,24
0,0,1
4,0,0
1,0,0
0,0,11
0,0,1
2,0,0
0,2,0
1,0,0
0,0,1
0,1,0
1,0,0
3,0,0
0,0,1
0,1,0
0,6,0
0,0,2
1,0,0
0,4,0
0,0,1
0,2,0
0,27,1
1,0,0
0,3,0
1,0,0
9,0,0
1,0,0
2,0,0
1,0,0
0,2,0
0,6,0
7,3,0
1,0,0
2,0,0
0,3,0
0,0,1
0,0,31
0,20,0
0,0,1
0,29,0
1,0,0
0,0,1
1,0,0
3,0,0
0,1,0
0,2,0
8,0,0
0,0,1
0,0,1
0,0,1
0,0,1
3,0,0
0,0,1
0,1,0
8,0,0
1,0,0
1,0,0
0,0,1
0,25,1
0,0,1
0,0,1
19,0,0
0,0,2
0,1,0
5,8,0
0,1,0
0,1,0
0,3,0
11,0,0
1,0,0
0,0,1
0,22,0
0,0,1
1,0,0
0,1,0
0,0,2
0,1,0
0,1,0
0,1,0
0,1,0
0,4,6
0,0,1
1,0,0
2,0,0
0,0,1
0,0,1
0,2,0
0,0,1
1,0,0
0,0,1
0,0,1
1,0,0
0,0,1
0,0,1
0,0,1
1,0,0
0,0,1
0,1,0
0,0,29
1,0,0
0,1,0
0,0,1
0,0,1
0,1,0
0,0,15
0,1,0
3,0,0
0,0,16
0,1,0
0,1,0
0,1,0
0,1,0
2,0,0
0,0,2
0,0,20
2,0,18
1,0,0
0,1,0
1,0,0
0,2,0
0,1,0
0,1,0
0,2,6
1,0,0
0,1,0
0,0,2
0,2,0
0,0,1
2,0,0
0,2,0
4,0,0
1,0,0
0,0,2
9,0,0
9,0,0
2,0,0
0,2,0
0,0,1
0,0,1
5,0,0
1,0,0
0,1,0
0,0,20
2,0,0
1,0,0
41,39,46
0,1,0
0,0,4
0,1,0
0,2,0
0,0,1
0,0,23
0,1,0
0,1,0
0,0,1
0,1,0
0,0,13
0,1,0
0,1,0
0,0,1
1,0,0
0,1,0
0,1,0
0,1,0
0,1,0
0,2,0
0,0,1
0,0,2
0,0,1
0,0,1
5,0,0
0,0,30
0,0,1
0,0,1
0,1,0
0,0,1
0,0,1
0,1,0
0,0,2
1,0,0
1,0,0
2,0,0
1,0,0
15,0,0
0,0,1
0,1,0
0,1,0
2,0,0
0,1,0
1,21,0
0,1,0
0,0,2
0,1,0
0,1,0
0,1,0
0,1,0
0,2,0
1,0,0
0,10,5
1,0,0
0,0,1
0,1,0
0,0,1
0,1,0
0,1,0
0,2,0
0,1,0
1,0,0
0,1,0
1,0,0
2,13,36
0,1,0
0,1,0
1,0,0
0,1,0
0,0,3
0,0,2
0,0,1
1,0,0
1,0,0
0,0,3
0,2,0
0,0,2
1,0,0
0,0,1
0,0,1
0,1,0
1,0,0
0,0,13
0,0,1
0,0,1
0,0,25
0,0,2
1,7,0
0,1,0
0,0,1
1,0,0
1,0,0
1,0,0
0,1,0
1,0,0
0,0,1
0,0,29
0,3,0
14,0,0
0,0,1
0,1,0
1,1,0
0,0,1
1,0,0
1,0,0
0,1,0
0,0,1
2,0,0
39,40,42
0,0,1
0,2,8
0,2,0
0,0,1
0,0,1
0,1,0
2,0,0
0,0,3
0,0,1
0,0,1
0,0,1
0,2,0
1,0,0
0,0,3
0,1,0
1,0,0
0,1,0
1,0,0
0,0,1
0,0,1
1,0,0
3,0,0
0,0,1
0,1,0
0,1,0
0,1,0
0,1,0
5,0,0
1,0,0
0,0,1
0,0,1
1,0,0
0,7,3
0,0,1
0,0,34
1,0,0
0,1,0
0,3,0
0,0,1
0,0,9
0,1,0
0,0,1
0,0,2
0,0,1
0,0,2
0,0,2
1,0,0
0,4,0
0,0,1
0,1,0
0,0,2
0,0,23
14,1,0
0,0,1
0,1,0
0,0,1
0,2,0
0,0,5
0,0,1
0,2,0
2,1,0
0,0,1
6,1,0
0,0,1
6,0,0
0,1,0
9,0,0
0,1,0
0,0,1
0,0,3
0,0,2
1,0,0
0,1,0
0,0,1
0,1,0
0,1,0
0,2,0
2,0,0
0,1,0
1,0,0
2,0,0
0,1,0
0,0,1
0,1,0
2,0,0
0,1,0
1,0,0
0,1,0
0,0,2
0,5,5
1,0,0
1,0,0
1,0,0
0,3,0
0,1,0
0,1,0
0,0,1
29,34,45
1,0,0
0,1,0
1,0,0
0,1,0
0,0,2
0,1,0
0,2,1
0,2,0
1,0,0
0,0,25
0,1,0
1,0,0
1,0,0
0,3,0
0,3,0
0,0,1
0,1,0
1,0,0
1,0,0
0,0,5
12,0,0
0,0,1
0,1,0
0,4,0
0,1,0
1,0,0
0,0,1
1,0,0
1,0,0
0,1,0
38,38,40
0,1,0
0,1,0
1,0,0
0,0,22
0,2,0
0,1,0
0,1,0
0,1,0
1,0,0
0,0,2
1,0,0
2,0,0
13,0,0
0,1,0
2,0,0
8,0,0
2,0,0
0,2,0
0,0,4
0,0,1
0,2,0
0,3,0
0,1,0
0,2,0
0,0,1
0,1,0
0,0,3
8,0,0
0,2,0
0,4,0
0,0,1
0,0,2
0,0,1
0,1,0
0,2,0
0,1,0
0,1,0
0,1,5
0,1,0
0,3,2
0,0,24
1,0,0
3,0,0
1,0,0
1,0,0
0,0,1
0,0,1
0,1,0
1,0,0
0,0,2
0,0,1
0,0,1
0,3,0
0,2,0
1,0,0
0,0,21
2,0,0
0,0,27
0,0,18
0,0,1
1,0,0
0,2,0
0,1,0
1,0,0
0,5,0
0,0,18
0,0,1
1,0,0
0,1,0
0,0,5
0,4,0
0,1,0
2,0,0
0,1,0
1,0,0
1,0,0
0,1,0
0,1,0
0,4,0
0,0,1
0,1,0
0,0,1
3,0,0
0,0,2
0,1,0
1,0,0
0,0,1
0,1,0
1,0,0
2,0,0
6,1,0
41,46,34
0,0,1
0,0,1
0,0,1
0,0,1
1,0,0
0,0,1
1,0,0
1,0,0
0,0,33
1,0,0
0,1,0
0,2,0
0,3,0
0,0,1
0,1,0
0,0,2
0,3,0
0,1,0
0,0,17
8,0,0
0,0,2
1,0,0
0,16,0
1,0,0
0,1,0
0,0,3
0,0,1
0,1,0
0,1,0
1,0,0
1,0,0
1,0,0
0,2,0
0,1,0
0,1,2
0,0,2
20,24,0
0,0,1
0,1,0
1,0,0
0,0,1
2,0,0
2,0,0
0,0,33
0,2,0
0,0,3
1,0,0
0,0,2
2,0,0
2,0,0
0,0,1
0,0,3
0,0,2
1,0,0
0,0,1
0,0,1
0,1,0
0,0,1
0,0,1
1,0,0
0,1,0
0,1,0
0,0,3
0,1,0
0,1,0
0,0,1
0,2,0
2,0,0
1,0,0
1,0,0
0,0,1
0,0,1
0,0,1
1,0,0
0,5,0
0,1,0
0,0,1
1,0,0
0,0,1
0,0,31
0,0,1
0,1,0
0,2,0
0,0,2
0,0,12
0,0,1
0,0,2
0,2,0
1,0,0
0,0,1
2,0,0
0,2,0
0,1,0
1,0,0
0,1,0
0,0,3
0,0,1
0,0,1
1,0,0
1,0,0
0,2,0
2,0,0
11,0,0
0,1,0
0,1,0
0,0,1
0,1,0
0,1,0
0,0,1
1,0,0
0,1,0
1,0,0
0,4,0
0,0,1
0,0,1
0,1,0
0,1,0
1,0,0
0,2,0
0,1,0
0,0,1
1,0,0
0,3,0
0,0,4
1,0,0
1,0,0
0,1,0
0,0,1
0,0,21
0,1,0
0,6,0
0,1,0
35,45,39
1,0,0
0,1,0
0,0,1
0,0,4
0,0,5
1,0,0
0,1,0
1,0,0
0,0,6
1,0,0
0,3,5
0,0,1
1,0,0
0,2,0
0,7,0
1,0,0
0,1,0
4,0,0
0,2,0
1,0,0
1,0,0
0,1,0
0,0,1
0,4,0
2,0,0
0,1,0
0,1,0
0,1,0
0,0,1
0,0,1
0,16,0
0,0,16
0,1,0
0,0,1
0,1,0
0,0,1
1,12,34
3,0,0
0,2,0
1,0,0
1,0,0
0,2,0
0,2,0
0,0,1
37,42,31
0,0,1
0,1,0
39,26,38
0,1,0
0,0,2
2,0,0
0,0,1
2,0,0
0,1,0
0,0,1
0,0,1
0,1,0
0,1,0
1,0,0
0,1,0
0,1,0
7,0,0
2,0,0
0,1,0
1,0,0
2,0,0
0,1,0
0,1,0
0,1,0
0,0,1
1,0,0
0,0,1
0,0,1
1,0,0
0,0,1
0,1,0
0,4,5
0,0,1
0,0,1
0,2,0
0,0,1
0,1,0
0,0,1
0,1,0
0,0,3
0,0,1
0,0,1
0,1,0
0,3,0
0,0,1
0,12,0
3,0,0
0,1,0
0,1,0
0,0,1
0,1,0
0,1,0
0,0,1
2,0,0
0,0,1
0,1,0
0,0,2
1,0,0
0,0,38
2,0,0
3,0,0
0,4,0
0,0,14
0,0,10
1,0,0
0,1,0
0,0,1
0,0,1
0,1,0
0,1,0
2,0,0
0,1,0
0,1,0
0,0,3
1,0,0
0,1,0
0,1,0
13,0,0
0,1,0
0,1,0
0,0,1
0,0,1
0,0,1
0,0,1
0,0,5
0,0,1
0,1,0
0,2,0
0,2,0
0,0,1
9,1,0
0,0,1
0,0,1
0,3,8
0,1,0
0,0,1
0,0,2
0,1,0
0,1,0
0,0,7
1,0,0
1,0,0
0,1,0
0,2,0
1,0,0
57,45,32
0,5,0
1,0,0
0,0,7
0,1,0
0,1,0
0,0,14
3,0,0
0,1,0
1,0,0
6,0,0
0,0,1
2,0,0
3,0,0
1,0,0
0,0,2
0,1,0
4,0,0
0,8,0
0,2,0
0,0,1
1,0,0
1,0,0
0,0,1
0,1,0
0,1,0
22,0,0
0,0,1
0,0,1
1,0,0
1,0,0
0,1,0
0,1,0
1,0,0
0,0,16
1,0,0
1,0,0
0,5,12
0,0,1
0,1,0
0,0,2
0,1,0
1,0,0
0,3,1
0,0,30
0,0,2
0,2,3
1,0,0
0,1,0
0,0,2
1,0,0
0,7,0
0,0,1
0,0,1
0,1,0
0,2,0
0,4,6
0,2,0
2,0,0
1,0,0
0,1,0
0,0,25
2,0,0
0,6,2
0,1,0
1,0,0
0,0,1
0,0,9
1,0,0
2,0,0
0,1,0
2,0,0
0,1,0
1,0,0
0,2,0
0,0,1
0,0,1
1,0,0
0,2,0
5,0,0
0,1,0
1,0,0
3,0,0
0,0,1
1,0,0
0,0,7
0,2,0
0,0,1
1,0,0
0,1,0
0,1,0
0,1,0
41,25,50
0,0,2
1,0,0
0,0,23
1,0,0
1,0,0
0,0,1
0,1,0
0,0,16
0,1,0
0,0,31
0,0,1
0,0,2
0,0,18
0,1,0
0,0,28
0,1,0
0,0,2
0,0,1
0,0,1
1,0,0
0,1,1
0,1,0
0,0,1
0,1,0
0,1,0
0,0,1
0,2,0
0,4,3
1,0,0
0,0,2
0,0,1
0,1,0
0,2,0
0,0,2
0,2,0
6,0,0
0,5,7
1,0,0
0,0,1
0,4,0
0,1,0
0,1,0
1,0,0
1,0,0
0,1,0
1,0,0
0,0,2
0,0,2
0,3,3
2,0,0
0,2,0
3,0,0
0,0,1
0,1,0
0,1,0
0,2,0
0,0,30
2,0,0
0,0,1
0,0,1
0,1,0
2,0,0
1,0,0
0,3,6
0,1,0
0,0,1
0,0,1
0,0,1
1,0,0
0,0,1
0,1,0
0,4,1
1,0,0
1,0,0
0,0,1
0,1,0
0,0,2
0,0,3
0,0,1
0,0,1
0,2,1
0,1,0
0,1,0
1,0,0
0,0,1
1,0,0
0,1,0
5,0,0
0,0,3
0,0,1
0,1,0
0,1,0
1,0,0
0,0,13
0,1,0
1,0,0
0,1,0
0,1,0
0,1,0
0,0,1
0,0,2
0,1,0
0,2,0
0,0,3
0,0,1
1,0,0
0,1,0
0,2,5
0,1,0
1,0,0
45,38,37
1,0,0
0,0,2
0,0,3
0,1,0
0,0,1
2,0,0
0,0,3
1,0,0
1,0,0
3,0,0
2,0,0
0,1,0
0,0,1
0,0,1
0,1,0
0,0,1
0,1,0
0,1,0
0,2,0
0,1,0
0,0,1
2,0,0
1,12,36
0,1,0
0,0,2
0,0,19
0,1,0
0,1,0
0,18,0
0,6,5
0,5,0
0,0,3
8,1,0
0,2,0
1,0,0
2,0,0
0,1,0
0,1,0
0,0,1
4,4,0
0,0,1
1,0,0
0,0,2
0,0,2
0,1,0
0,1,0
0,0,1
0,2,0
2,0,0
2,0,0
45,27,37
0,1,0
1,0,0
1,0,0
1,0,0
0,3,0
0,1,0
0,0,1
0,0,3
4,2,0
0,0,1
1,0,0
0,0,1
0,3,0
0,0,2
0,5,0
32,46,33
1,0,0
0,5,0
0,1,0
0,1,0
0,0,9
0,0,3
0,1,0
1,0,0
0,0,1
0,1,0
1,0,0
0,4,0
0,0,3
0,0,2
0,1,0
38,28,39
0,1,0
0,1,0
1,0,0
0,0,5
0,1,0
0,2,0
1,0,0
1,0,0
0,1,0
0,1,0
0,0,1
0,0,2
0,1,0
0,0,2
2,0,0
0,1,0
0,1,7
1,0,0
0,3,0
0,0,1
1,0,0
0,1,0
0,0,1
0,0,1
1,0,0
0,2,0
2,0,0
1,0,0
0,1,0
0,1,0
7,15,0
0,0,3
0,0,4
1,0,0
1,0,0
0,0,1
0,25,0
0,0,1
0,5,0
1,0,0
0,0,1
0,4,0
0,0,1
0,0,2
0,3,0
0,1,0
0,1,0
0,1,0
7,0,0
0,0,1
0,0,1
0,0,2
0,12,16
0,0,1
0,1,0
0,1,0
0,1,0
0,0,3
2,0,0
1,0,0
0,0,1
61,38,37
0,0,1
0,1,0
2,0,0
1,0,0
0,1,0
0,0,28
3,0,0
0,0,1
0,0,1
0,1,0
0,0,1
0,1,0
1,0,0
0,1,0
1,0,0
0,1,0
1,0,0
0,3,0
0,1,0
0,0,1
0,1,0
0,1,0
0,0,1
0,0,1
22,0,0
0,1,0
1,0,0
0,0,1
0,10,0
14,0,0
0,1,0
2,0,0
1,0,0
0,0,1
0,0,1
0,0,6
1,0,0
1,0,0
0,2,0
1,0,0
0,3,0
0,0,26
1,0,0
8,0,0
0,1,0
1,0,0
4,0,0
0,4,0
0,5,0
2,0,0
1,0,30
0,0,1
0,0,20
1,0,0
1,0,0
0,1,0
2,0,0
0,1,0
0,0,1
0,4,0
1,0,24
0,0,21
0,2,0
0,0,19
0,0,2
1,0,0
0,1,0
0,1,0
0,1,0
0,0,18
0,0,2
2,0,20
0,0,2
1,0,0
1,0,0
0,1,0
0,1,0
0,0,1
0,0,1
1,0,0
1,0,0
0,0,1
0,0,2
0,0,2
0,0,1
0,0,2
0,0,2
0,0,10
1,0,0
0,1,0
1,0,0
0,1,0
1,0,0
2,0,0
44,36,38
0,2,0
0,1,0
0,0,4
1,0,0
2,0,0
0,0,1
0,1,1
0,1,0
0,0,1
0,1,0
1,0,0
0,0,1
0,1,0
0,0,1
0,2,0
1,0,0
1,0,0
0,1,0
0,0,2
0,0,4
0,1,0
1,0,0
31,37,52
0,0,1
0,1,0
0,1,1
1,0,0
1,0,0
0,1,0
7,0,0
1,0,0
0,0,1
1,0,0
0,1,0
0,1,0
0,1,0
1,0,0
0,2,0
0,0,2
0,0,1
1,0,0
0,0,24
0,0,3
0,1,0
0,0,1
2,1,0
0,0,6
0,0,30
1,0,0
0,0,1
0,0,2
0,0,2
1,0,0
0,1,0
1,0,0
1,0,0
0,1,0
0,2,0
6,0,0
1,0,0
0,0,1
0,0,31
0,2,0
0,1,0
1,0,0
0,1,0
1,0,0
0,1,0
0,1,0
0,0,30
1,0,0
0,2,0
1,0,0
4,23,0
0,0,1
0,1,0
1,0,0
0,1,0
0,0,1
0,2,0
0,0,1
0,1,0
0,0,2
0,0,1
0,2,0
0,0,1
0,0,12
1,0,0
0,2,0
1,0,0
0,4,1
0,0,1
0,0,3
0,2,0
0,0,1
0,1,0
0,1,0
0,1,0
0,0,1
0,0,3
0,0,1
0,0,1
0,2,0
0,0,2
0,1,0
0,1,0
0,0,1
0,1,0
0,1,0
0,0,1
0,0,1
0,0,10
8,1,0
0,1,0
0,0,2
0,0,1
2,0,0
1,0,0
0,1,0
0,0,26
0,1,0
0,20,0
0,0,1
2,1,0
0,0,2
8,0,0
0,1,5
0,3,0
17,0,0
0,0,1
0,0,1
0,0,1
0,1,0
3,1,0
0,0,1
0,0,3
0,1,0
0,2,0
0,1,0
0,0,1
0,0,1
0,2,0
0,1,0
1,0,0
1,0,0
0,0,32
0,0,2
0,0,1
1,0,0
0,1,0
0,1,0
0,1,6
0,0,1
0,0,23
1,0,0
0,0,3
0,0,29
0,1,0
0,1,0
1,0,0
7,0,0
0,1,0
1,0,0
0,0,1
0,1,0
0,0,1
1,0,0
0,1,0
0,0,1
0,0,1
1,0,0
0,0,1
1,0,0
1,0,0
0,0,23
0,3,0
21,0,0
0,0,3
0,0,7
1,0,0
0,1,0
0,2,0
6,1,0
0,1,0
0,0,1
0,0,1
41,38,37
1,0,0
0,1,0
0,2,0
1,0,0
0,1,0
0,0,2
0,3,0
0,1,0
0,2,0
1,0,0
0,0,4
0,0,1
0,2,0
0,1,0
0,1,0
0,3,0
0,2,0
0,0,1
0,1,0
0,3,0
0,0,1
1,0,0
0,0,1
0,1,0
0,2,7
0,2,0
0,0,1
0,0,1
2,0,0
1,0,0
0,1,0
0,1,0
0,0,1
0,0,1
0,0,4
0,0,1
18,0,0
1,0,0
0,1,0
3,0,0
0,0,21
2,0,0
1,0,0
0,1,0
40,41,31
2,0,0
0,2,0
2,0,0
1,0,0
0,1,0
1,0,0
0,4,0
0,4,2
1,0,0
2,9,40
45,33,45
0,1,0
1,12,26
1,0,0
0,0,3
0,0,1
0,1,0
0,1,0
0,0,1
0,1,0
0,1,0
0,0,1
0,1,0
0,1,0
0,1,0
0,0,1
0,1,0
0,5,7
0,4,2
0,0,4
1,0,0
0,0,2
0,1,0
0,0,9
0,0,1
1,0,0
0,0,31
0,1,0
1,0,0
5,0,0
2,0,0
0,0,2
0,1,0
3,0,0
0,1,0
1,0,0
0,0,1
3,0,0
0,3,6
35,45,42
0,1,0
33,34,35
0,0,27
0,0,1
0,0,5
0,1,0
0,1,0
2,0,0
0,1,0
0,0,1
0,7,13
0,0,11
0,0,1
7,0,0
0,2,0
0,0,3
0,1,0
2,0,0
0,1,0
0,1,0
0,0,6
43,48,43
0,1,0
0,1,0
1,0,0
1,0,0
1,0,0
1,0,0
1,0,0
0,0,2
1,0,0
0,0,1
0,0,1
10,1,0
0,14,0
0,3,0
0,1,1
0,1,0
0,9,13
0,1,0
0,0,1
0,1,0
0,0,1
0,1,0
1,0,0
1,0,0
0,0,1
0,0,22
1,0,0
0,0,1
0,0,16
1,0,0
0,0,1
2,0,0
1,0,0
0,1,0
1,0,0
0,1,0
0,0,1
0,0,1
0,0,3
0,0,1
0,3,0
0,0,1
0,0,1
38,41,35
0,0,2
1,0,0
0,1,0
0,4,0
0,1,0
1,0,0
0,0,5
0,0,1
0,1,0
0,1,0
0,0,2
1,0,0
2,0,0
3,0,0
0,0,1
0,0,8
0,21,0
0,1,0
0,3,0
0,0,1
0,1,0
0,0,23
0,1,0
0,0,21
0,0,1
0,0,1
1,0,0
1,0,0
0,1,0
0,1,0
0,0,2
0,4,0
0,2,0
0,1,0
0,3,0
0,1,0
0,0,13
2,0,0
0,1,0
0,0,1
0,0,2
0,1,0
0,0,1
2,0,0
0,2,0
1,0,0
0,1,0
0,1,0
0,1,0
0,0,1
0,0,4
0,0,2
0,1,0
0,0,1
0,1,0
0,0,5
0,2,0
0,0,1
1,0,0
1,0,0
0,0,1
0,7,7
0,1,0
1,0,0
0,0,2
0,0,5
1,1,0
42,42,41
0,1,0
1,0,0
0,0,1
2,0,0
1,0,0
1,0,0
0,1,3
12,0,0
0,0,1
1,0,0
0,1,0
0,0,1
0,1,0
0,1,0
0,0,2
0,0,1
0,0,1
0,0,1
0,0,1
1,0,0
0,1,0
0,1,0
0,15,0
0,1,0
0,3,0
0,1,0
0,1,0
0,1,0
0,0,32
0,0,11
1,0,0
1,0,0
0,2,1
1,0,0
2,0,0
1,0,0
0,0,1
1,0,0
1,0,0
1,0,0
1,0,0
2,0,0
0,3,0
0,1,0
1,0,0
0,1,0
0,0,2
19,0,0
0,1,0
0,1,0
0,0,3
0,0,1
0,1,0
0,2,0
0,0,1
41,43,42
0,0,2
0,0,26
0,1,0
0,1,0
0,1,0
0,3,0
0,0,1
0,0,1
0,0,1
0,16,0
0,1,0
0,3,1
0,0,1
0,0,1
0,0,2
0,0,1
0,0,1
0,1,0
0,2,0
0,0,12
1,0,0
2,0,0
0,0,1
0,5,0
0,1,0
0,0,1
0,1,0
0,1,0
0,2,0
0,1,0
0,0,1
0,2,3
0,1,0
0,0,2
0,0,1
0,1,0
0,0,1
0,0,4
5,0,0
0,1,0
0,0,2
1,0,0
0,5,0
0,1,0
1,0,0
0,6,0
0,0,1
1,0,0
1,0,0
0,0,2
0,4,0
0,1,0
0,0,1
1,0,0
0,1,0
0,1,0
0,0,1
0,0,3
1,0,0
0,1,0
0,1,0
0,0,1
0,1,0
0,1,0
0,0,2
0,0,1
0,2,5
0,0,28
3,0,0
1,0,0
6,7,0
12,0,0
0,0,1
0,1,0
1,9,35
1,0,0
0,4,0
0,0,2
0,0,1
0,1,0
0,5,0
1,0,0
1,0,0
0,0,2
0,0,1
1,1,0
0,0,1
0,2,0
0,2,0
1,0,0
1,0,0
0,0,1
2,0,0
0,0,5
0,0,1
0,1,0
0,1,0
0,2,0
0,1,0
0,1,0
0,0,1
1,0,0
0,6,0
0,0,1
3,0,0
0,0,1
0,8,0
8,0,0
1,0,0
1,0,0
0,1,0
1,0,0
0,2,3
1,0,0
2,0,0
0,1,0
0,3,6
0,0,2
1,0,0
1,0,0
0,1,3
0,20,0
0,0,20
0,1,32
0,0,2
0,1,0
0,0,2
1,0,0
1,0,0
0,0,2
0,2,0
0,1,0
0,0,1
0,0,1
0,0,1
2,0,0
0,0,1
0,3,0
0,4,7
1,0,0
1,0,0
0,0,1
1,0,0
1,0,0
0,3,0
0,2,0
0,0,1
2,1,0
0,1,0
0,1,0
3,0,0
1,0,0
0,0,1
0,2,0
0,0,1
1,0,0
0,1,0
0,1,0
0,2,0
1,0,0
0,1,0
0,0,1
0,0,1
0,0,1
0,1,0
2,0,0
0,1,0
0,0,1
0,1,0
0,1,0
4,0,0
0,0,1
0,0,1
0,0,1
1,0,0
0,1,0
0,1,0
1,0,0
1,0,0
0,7,3
0,1,0
1,0,0
0,1,0
0,0,2
0,1,0
0,1,0
0,1,0
0,1,0
0,1,0
1,0,0
0,0,1
0,2,0
0,0,2
1,16,36
2,0,0
1,0,0
0,2,0
0,0,1
0,0,2
0,0,1
0,0,14
0,1,0
0,0,3
0,0,2
0,0,1
0,1,4
45,37,49
0,16,0
1,0,0
1,0,0
0,0,24
1,0,0
0,1,0
0,0,2
0,0,1
0,0,3
0,0,1
0,1,0
0,0,1
0,2,0
0,19,0
0,0,1
0,3,0
18,0,0
1,0,0
0,1,0
0,0,1
0,0,1
0,1,0
0,22,0
0,2,0
1,0,0
0,5,1
0,0,2
0,1,0
0,2,0
0,0,31
0,0,1
0,3,1
1,0,28
0,2,0
0,4,0
0,0,2
0,1,0
1,0,0
0,2,0
0,1,0
0,0,1
0,0,16
0,0,1
1,0,0
1,0,0
1,0,0
0,0,1
1,0,0
35,37,31
0,1,0
0,3,0
0,0,2
0,0,5
0,0,1
0,0,1
0,0,2
16,0,0
0,0,4
0,3,0
2,0,0
0,1,0
0,0,4
0,1,0
1,0,0
0,0,3
1,0,0
11,1,0
0,0,1
1,0,0
0,0,2
1,0,0
0,0,1
0,1,0
0,0,1
0,3,0
2,0,0
0,4,0
1,0,0
1,0,0
2,0,0
9,1,0
4,0,0
0,0,40
0,0,2
2,0,0
1,0,0
1,22,1
1,0,0
0,1,0
1,0,0
0,7,10
20,0,0
0,1,0
0,4,10
1,0,0
0,1,0
0,0,1
0,0,2
0,0,2
0,2,0
1,0,0
0,3,0
0,0,24
0,4,0
0,1,0
15,18,0
5,0,0
0,0,1
0,1,0
1,0,0
0,1,0
0,12,0
1,0,0
0,4,7
0,0,2
0,0,1
0,1,0
0,1,0
0,0,1
1,0,0
10,0,0
1,0,0
17,0,0
0,1,0
0,0,1
0,0,1
0,0,1
0,0,1
0,1,6
0,3,0
0,0,1
0,0,1
0,0,1
8,0,0
0,0,2
0,4,37
0,1,0
1,0,0
0,1,0
38,45,39
49,41,47
0,0,4
3,0,0
0,2,0
1,0,0
0,4,0
0,0,8
2,0,0
0,6,9
0,0,2
0,1,0
0,1,0
0,0,2
2,0,0
0,2,25
0,0,3
0,0,1
0,0,3
0,1,0
0,3,0
1,0,0
0,0,26
0,1,0
0,0,1
3,1,0
2,12,51
1,0,0
0,1,0
0,0,17
1,0,0
2,0,0
0,0,1
0,0,2
0,2,0
3,0,0
0,1,9
1,0,0
1,0,0
0,1,0
0,0,3
0,1,0
0,0,23
0,0,30
1,0,0
0,0,1
0,1,0
0,1,0
1,0,0
0,0,1
0,1,0
0,1,0
0,1,0
0,1,0
2,0,0
0,1,0
0,0,1
0,1,0
1,0,0
1,1,0
0,0,1
0,2,0
1,0,0
0,1,0
4,0,0
0,0,1
0,0,1
1,0,0
0,1,0
0,0,1
0,0,2
0,1,0
0,0,1
0,0,1
0,0,1
0,0,1
1,0,0
0,2,0
0,1,0
0,1,0
0,0,1
0,1,0
0,0,1
1,0,0
0,0,2
1,0,0
0,0,3
0,1,0
0,0,3
0,0,4
5,0,0
1,0,0
1,0,0
1,0,0
1,0,0
0,0,1
0,1,0
0,1,0
0,3,0
0,0,9
0,1,0
0,1,0
1,0,0
0,1,0
0,1,0
0,1,0
0,23,0
1,0,0
1,0,0
0,0,1
0,2,0
0,0,17
2,0,0
0,0,1
0,2,0
0,0,1
2,0,0
0,1,0
1,0,0
1,0,28
0,1,0
1,0,0
1,0,0
0,2,0
0,0,1
0,0,26
0,1,0
5,0,0
0,1,0
6,21,0
0,25,0
0,0,1
1,0,0
0,2,0
0,0,1
0,1,0
0,4,0
0,3,0
0,0,2
0,0,1
0,10,3
0,0,1
2,0,0
1,0,0
0,0,1
0,0,2
0,1,0
2,0,0
4,0,0
0,1,1
1,0,0
0,0,1
1,0,0
1,0,0
1,0,0
1,0,0
1,0,0
1,0,0
1,0,0
0,0,1
1,0,0
0,0,2
2,0,0
0,16,0
1,0,0
0,0,1
0,0,4
0,6,0
0,1,0
1,0,0
0,2,0
2,0,0
0,1,0
10,1,0
0,1,0
0,7,0
1,0,0
1,0,0
1,0,0
0,0,1
0,11,5
0,1,0
2,0,0
0,3,0
0,0,20
1,0,0
0,0,1
0,0,1
0,1,0
0,0,1
2,0,0
0,1,0
1,0,0
0,1,0
1,0,0
0,1,0
0,1,0
1,0,0
0,0,1
2,0,0
0,0,1
4,0,0
0,17,0
2,0,0
1,0,0
0,1,0
0,1,0
0,1,0
1,0,0
0,1,0
0,1,0
3,0,0
35,39,48
47,46,42
0,2,6
1,0,0
1,0,0
0,0,1
0,1,0
0,0,1
0,0,8
0,0,1
0,0,22
0,1,0
3,0,0
0,0,1
4,0,0
1,0,0
1,0,0
0,1,0
3,0,0
1,0,0
0,1,0
0,4,8
0,1,0
0,5,0
1,0,0
0,0,1
0,1,0
0,2,0
0,1,0
0,0,1
0,1,0
0,0,1
0,0,1
1,0,0
0,0,1
1,0,0
0,1,0
0,1,0
0,0,1
0,0,2
0,0,2
0,0,6
0,1,0
0,0,1
0,2,0
0,3,0
42,34,25
1,0,0
0,4,0
0,3,4
1,0,0
0,0,1
1,0,0
0,1,0
0,0,1
1,0,0
1,0,0
1,0,0
1,0,0
2,0,0
0,1,0
0,3,0
0,2,7
0,0,22
1,0,0
0,0,1
0,1,0
2,0,0
0,1,0
0,2,0
1,0,0
0,2,0
0,0,3
0,0,8
4,0,0
0,1,0
41,39,42
0,1,0
0,0,1
1,0,0
1,0,0
0,1,0
0,0,1
0,0,17
0,0,1
0,0,1
0,1,0
0,0,3
0,0,4
0,0,1
1,0,0
0,2,0
0,1,3
0,1,0
1,0,0
3,2,22
2,0,38
1,0,0
12,4,0
0,0,1
0,0,1
1,0,0
0,1,0
0,1,0
0,0,1
0,0,1
0,1,0
2,0,0
0,1,0
0,8,3
0,0,3
0,1,0
1,0,0
1,0,0
0,1,0
1,0,0
0,0,2
0,0,1
0,0,1
0,1,0
0,0,1
0,0,1
20,0,0
2,0,0
0,1,0
0,1,0
1,0,0
0,1,0
0,0,2
0,0,1
0,2,0
1,0,0
0,0,2
0,0,2
0,1,0
0,2,0
0,1,0
9,0,0
1,0,0
0,4,0
4,0,0
0,0,1
0,0,2
3,0,0
0,1,0
2,0,0
0,1,0
3,0,0
1,0,0
0,20,0
0,1,0
2,0,0
0,0,1
0,0,28
0,1,0
0,1,0
0,0,18
0,1,0
0,1,0
0,0,1
0,0,1
2,2,0
0,1,0
0,2,0
0,0,2
1,0,0
3,0,0
0,0,15
1,0,0
0,2,0
0,0,2
0,0,1
0,0,1
1,0,0
0,0,3
0,4,0
0,2,0
0,0,1
0,1,0
0,0,1
0,1,0
0,1,0
11,0,0
3,0,0
1,0,0
0,1,0
0,0,3
0,1,0
0,2,0
0,5,0
0,0,1
0,1,0
0,0,1
0,0,2
0,1,0
0,1,0
0,0,1
0,0,6
0,1,0
0,21,0
5,0,0
0,0,2
1,15,0
1,0,0
1,0,0
0,0,2
50,37,39
21,25,0
1,0,0
0,2,0
0,1,0
0,0,2
0,1,0
3,0,0
0,1,0
34,33,40
0,1,0
0,0,1
0,6,0
0,1,0
0,2,0
0,1,6
0,1,0
1,0,0
2,0,0
0,0,4
1,0,0
0,1,0
0,0,1
2,0,0
2,0,0
41,30,29
0,0,2
1,0,0
2,0,0
0,0,4
1,9,39
0,0,1
0,0,1
0,0,15
0,2,0
0,0,1
0,2,4
0,0,1
1,0,0
1,0,0
0,0,23
0,30,0
2,0,0
0,1,0
1,0,0
0,0,1
1,0,0
0,1,0
0,0,1
0,0,23
0,0,1
0,1,0
0,2,0
0,0,1
1,0,0
0,1,0
0,0,1
0,0,2
0,1,0
1,0,0
0,1,0
0,0,14
1,0,0
1,0,0
0,1,0
0,0,3
0,0,1
0,0,26
0,0,1
2,0,0
0,0,21
0,0,1
0,2,0
0,0,3
56,49,40
0,0,1
0,0,6
1,0,0
0,1,0
0,1,0
2,0,0
0,1,0
0,0,22
0,1,0
3,1,0
0,1,0
0,0,1
0,0,8
1,0,0
1,0,0
1,0,0
0,2,0
0,1,0
0,1,0
0,0,1
0,1,0
0,1,0
0,0,1
4,0,0
0,0,2
0,1,0
0,3,0
2,0,0
0,0,1
2,0,0
0,1,0
0,3,0
0,1,0
1,0,0
1,0,0
0,0,1
0,2,0
0,0,1
0,1,0
0,1,0
0,1,0
2,1,0
0,4,0
0,0,1
0,0,1
0,0,7
1,0,0
0,21,1
0,0,28
1,0,0
0,0,1
0,9,9
0,1,0
0,1,0
1,0,0
0,3,0
0,1,0
1,0,0
0,0,1
0,0,1
2,0,0
0,0,1
1,0,0
0,24,0
0,1,0
0,1,0
1,0,0
1,0,0
0,2,0
1,0,0
1,0,0
0,2,0
0,0,1
1,0,0
38,38,37
0,3,0
4,0,0
0,1,0
0,2,1
3,0,0
2,0,0
0,0,5
0,1,0
0,0,3
0,0,24
1,0,0
0,0,5
1,0,0
0,0,1
0,5,0
1,0,0
0,0,1
0,1,0
3,0,0
10,1,0
0,1,0
0,1,0
15,0,0
1,0,0
0,0,1
2,0,0
0,1,0
0,0,1
1,0,0
0,0,1
0,5,0
0,1,0
0,0,1
0,1,0
1,0,0
11,17,0
0,0,3
0,1,0
0,2,0
0,1,0
1,0,0
0,1,0
0,0,1
0,3,0
0,0,1
0,0,4
1,0,0
0,2,0
0,1,0
1,0,0
0,0,1
0,0,24
1,0,0
3,0,0
0,0,3
0,2,0
0,1,0
1,0,0
2,0,0
8,0,0
1,0,0
0,1,0
1,0,0
0,1,0
0,1,0
5,0,0
47,32,38
0,1,0
1,0,0
0,1,3
2,0,0
0,1,0
36,42,33
0,0,4
0,1,0
0,3,0
0,0,1
3,0,0
0,0,4
0,1,0
0,1,0
0,1,0
0,0,30
0,0,1
0,1,0
0,7,0
1,0,0
1,0,0
0,0,29
0,1,0
1,0,0
0,1,0
0,1,0
0,0,2
1,0,0
0,3,0
0,1,0
0,0,1
0,0,1
9,0,0
5,0,0
0,1,0
1,0,0
0,1,0
0,0,1
0,11,0
2,0,0
1,0,0
0,1,0
0,30,0
0,1,0
13,1,0
2,0,0
0,0,1
1,0,0
0,0,1
0,1,0
0,1,0
0,0,22
0,1,0
0,1,0
0,1,0
30,44,49
0,0,3
31,42,38
0,0,3
0,1,0
0,0,1
0,0,1
0,0,1
0,1,0
0,0,1
0,1,0
0,0,1
0,1,0
1,1,32
0,0,1
1,0,0
0,0,15
1,0,0
54,45,41
0,0,1
0,0,3
3,0,0
0,1,0
1,0,0
1,0,0
0,1,0
0,0,3
0,0,1
1,0,0
0,1,0
0,2,0
0,0,2
1,0,0
2,0,0
5,2,0
0,1,0
0,0,3
1,0,0
2,0,0
0,1,0
0,1,0
0,1,0
0,0,3
1,0,0
0,1,0
0,0,4
0,1,0
0,5,0
0,2,0
0,0,2
0,1,0
0,1,0
0,1,0
0,0,10
1,0,0
0,0,1
0,2,0
0,3,0
1,0,0
0,1,0
1,0,0
1,0,0
2,5,0
0,1,0
0,2,0
37,41,39
0,0,3
0,1,0
0,0,30
0,0,1
1,0,0
0,0,1
0,0,1
0,1,0
0,0,1
0,0,2
0,1,0
2,0,0
1,0,0
1,0,0
5,0,0
0,13,0
0,0,1
0,6,4
0,0,1
0,0,8
1,0,0
0,2,0
1,0,0
1,0,0
2,0,0
0,1,0
0,0,2
0,1,0
0,0,37
0,0,32
0,1,0
0,0,2
1,0,0
0,0,1
0,0,7
0,1,0
0,1,0
0,1,0
0,0,1
0,0,1
0,1,0
2,1,0
0,1,0
0,0,1
0,2,0
0,0,1
0,2,0
0,0,1
1,0,0
0,2,0
0,2,0
1,0,0
3,0,0
0,0,2
0,0,1
0,0,1
1,0,0
0,1,0
0,0,3
0,1,0
0,0,1
0,1,0
1,0,0
1,0,0
0,1,0
1,0,0
0,3,0
1,0,0
0,0,1
1,0,0
0,1,0
1,0,0
0,0,2
1,0,0
0,1,0
1,0,0
0,1,0
0,1,0
1,0,0
0,3,0
0,1,0
0,0,1
1,0,0
0,0,1
0,1,0
39,37,31
0,0,1
0,0,2
0,0,2
0,1,0
2,0,0
0,0,1
0,0,1
0,0,1
0,1,0
0,1,0
0,1,0
0,0,1
0,0,1
0,0,5
0,1,0
0,0,3
1,0,0
2,0,0
1,12,39
0,0,2
0,0,1
1,0,0
0,0,2
1,0,0
0,1,0
1,0,0
0,1,0
2,0,0
2,2,0
1,0,0
1,0,0
0,0,1
1,0,0
0,0,1
1,0,0
0,2,0
0,2,0
0,1,0
0,2,0
0,0,3
0,0,2
0,0,1
1,0,0
1,0,0
0,0,1
0,0,1
0,0,1
0,0,13
0,0,13
0,2,0
0,0,1
0,2,10
0,9,5
0,1,0
2,17,31
0,2,0
0,1,0
40,42,42
14,13,35
1,0,0
0,0,1
0,0,1
0,0,1
0,0,1
0,0,1
2,12,38
1,0,0
0,0,1
1,0,0
0,0,29
0,0,3
0,3,0
31,50,43
1,0,0
1,0,0
0,0,1
0,1,0
2,0,0
0,2,0
0,2,0
0,0,1
0,1,0
0,0,1
2,0,0
1,0,0
0,2,0
0,1,0
0,2,0
0,0,1
1,0,33
0,0,1
0,1,0
1,0,0
1,0,0
0,0,2
1,0,0
0,4,0
0,0,28
0,0,1
0,0,1
0,0,1
44,46,53
45,44,43
0,1,0
0,2,0
0,1,0
0,0,1
37,43,44
0,2,0
0,0,1
0,1,0
42,34,46
0,2,0
0,0,1
0,1,0
0,1,0
0,0,11
0,5,0
0,23,0
0,1,0
1,0,0
1,0,0
2,0,0
1,0,0
0,0,2
0,2,1
0,2,0
38,37,44
0,0,1
0,0,1
1,0,0
0,0,1
0,0,1
0,1,0
0,0,1
0,1,1
34,35,36
0,1,0
0,1,0
0,1,0
0,0,1
0,0,1
0,0,1
0,0,1
2,0,0
0,3,0
11,25,0
0,1,0
0,1,0
2,0,0
0,1,0
0,0,1
0,1,0
0,1,0
0,0,21
0,1,0
1,0,0
0,7,9
0,5,1
0,1,0
0,1,0
0,1,0
0,1,0
0,0,1
0,1,0
1,0,0
0,0,3
1,0,0
1,0,0
1,0,0
0,0,1
1,0,0
1,0,0
2,0,0
0,0,1
1,0,0
0,2,0
0,0,1
0,0,1
0,0,1
0,1,0
0,1,0
0,1,0
0,0,40
0,0,2
0,0,29
0,4,1
0,0,1
0,1,0
0,1,0
0,0,1
0,2,0
0,1,0
0,0,1
0,2,0
0,0,2
0,0,1
0,0,1
0,0,1
1,0,0
0,0,1
0,0,30
0,0,1
12,0,0
1,0,0
0,0,1
0,0,2
3,0,0
0,0,7
0,1,0
0,0,6
0,0,1
0,1,0
0,0,1
1,0,0
0,2,0
1,0,0
48,36,32
0,1,0
0,0,21
1,0,0
1,0,0
0,1,0
0,1,0
0,1,0
3,0,0
0,6,0
0,1,0
43,39,43
0,1,1
0,12,46
0,0,18
0,0,1
0,0,2
0,0,1
1,0,0
0,0,1
0,0,2
0,1,0
0,1,0
1,0,0
1,0,0
0,1,0
1,0,0
1,0,33
1,0,0
0,2,0
1,0,0
0,0,2
0,1,0
0,1,0
0,10,10
1,0,0
2,0,0
0,13,42
0,1,0
0,1,0
0,2,0
0,0,2
0,1,0
0,0,2
1,0,0
0,1,0
0,0,1
0,2,0
0,1,0
3,0,0
0,1,0
0,7,0
0,0,1
0,1,0
0,1,0
1,0,0
0,2,0
1,0,0
0,0,1
0,0,3
0,0,9
0,1,0
0,0,37
1,0,0
39,48,39
1,0,0
1,0,0
0,1,0
0,1,0
0,3,0
0,1,0
47,45,46
0,0,1
0,0,1
0,1,0
0,0,1
0,0,1
0,3,0
2,0,0
1,0,0
1,0,0
0,0,1
14,0,0
0,0,1
0,0,1
1,0,0
0,0,1
0,0,1
0,0,3
0,1,8
1,0,0
0,0,2
0,0,1
0,1,0
0,1,0
0,0,2
0,2,0
0,1,0
0,2,0
2,0,0
0,1,0
0,0,4
0,0,1
0,0,1
1,0,0
0,1,0
0,1,0
1,0,0
1,0,0
0,0,1
42,40,42
1,0,0
0,0,1
0,0,1
2,0,0
1,0,0
0,2,1
0,0,18
0,0,1
0,1,0
0,1,0
1,0,0
2,0,0
0,1,0
0,0,1
1,0,0
0,17,0
0,0,1
0,0,30
1,0,0
3,0,0
0,0,1
1,0,0
0,5,0
0,0,25
0,0,21
0,6,0
0,3,0
0,1,0
1,0,0
0,1,0
0,1,0
0,0,1
1,0,0
0,0,16
0,0,1
0,0,1
1,0,0
8,0,0
0,0,9
0,1,0
0,0,1
0,1,0
0,0,1
0,1,0
0,0,1
0,1,1
11,18,1
1,0,0
0,1,0
0,2,0
0,0,1
0,1,0
0,1,0
0,1,0
0,2,27
1,0,0
1,0,0
0,0,1
0,1,0
0,5,0
0,2,0
0,0,2
1,0,0
0,0,1
0,3,0
0,1,0
1,0,0
0,0,3
1,0,0
27,30,36
5,0,0
1,0,0
0,0,1
0,0,1
1,0,0
0,0,1
0,1,0
1,0,0
1,0,0
0,2,0
0,0,1
0,0,2
2,0,0
0,1,0
0,0,23
0,1,0
0,2,0
0,0,1
0,2,0
0,0,3
0,4,5
0,1,32
0,2,0
0,1,0
0,0,1
0,0,3
0,1,0
0,1,0
0,1,0
0,1,0
0,1,0
2,2,0
0,0,33
0,1,0
13,23,0
0,1,1
0,1,0
0,0,2
5,0,0
0,1,0
0,1,0
0,0,5
2,0,0
1,0,0
0,0,1
0,1,0
0,2,0
10,0,0
0,0,1
2,0,0
0,0,1
0,0,1
0,0,1
2,0,0
0,0,30
0,0,2
0,3,0
0,0,3
1,0,0
1,0,0
0,1,0
0,0,1
0,1,0
0,0,2
1,0,0
0,0,30
0,0,1
0,2,0
0,1,0
2,0,0
2,0,0
0,0,2
0,0,1
0,1,4
0,1,0
0,0,2
0,2,0
12,23,0
0,0,4
2,0,0
4,0,0
1,0,0
0,0,1
0,1,0
0,0,1
0,1,0
0,0,3
0,1,0
0,2,0
0,3,2
1,0,0
0,1,0
0,0,2
0,3,0
1,0,0
0,2,0
1,0,0
0,0,1
0,0,1
1,0,0
0,2,1
2,0,0
0,2,0
1,0,0
6,0,0
1,0,0
0,0,1
0,1,0
0,1,6
0,2,0
0,0,22
4,0,0
1,0,0
0,0,1
1,0,0
0,0,1
0,0,1
1,0,0
0,0,18
1,0,0
0,2,0
0,0,1
0,1,0
1,0,0
0,0,14
1,0,0
1,0,0
0,1,0
0,12,1
1,0,0
38,31,48
0,0,2
1,0,0
0,2,0
1,0,0
0,1,0
0,1,0
0,1,0
0,2,0
0,1,0
0,17,1
1,0,0
0,0,1
0,1,0
0,1,0
1,0,0
0,0,3
1,0,0
1,0,0
0,1,0
3,0,0
0,0,1
0,1,0
2,0,0
0,0,7
0,1,0
1,0,0
0,1,0
0,2,0
0,0,1
0,1,0
1,0,0
0,1,0
0,2,0
0,2,0
1,0,0
0,1,0
1,0,0
0,0,1
0,1,0
3,0,0
2,0,0
0,1,0
1,0,0
0,1,0
2,0,0
0,1,0
0,0,1
0,1,0
0,0,1
36,30,52
1,0,0
0,0,2
0,2,0
0,0,1
0,1,0
1,0,0
0,0,32
0,1,0
0,0,1
0,0,1
0,0,1
0,0,1
1,0,0
1,0,0
3,0,0
1,0,0
3,0,0
0,1,0
0,0,2
1,0,0
0,0,1
0,3,0
0,0,4
1,0,0
0,1,0
0,0,1
1,0,0
0,1,0
0,1,0
0,19,0
3,0,0
0,0,1
1,0,0
0,2,0
0,0,1
9,24,0
1,0,0
0,1,0
0,0,2
1,0,0
2,0,0
0,0,1
3,0,0
0,0,1
1,0,0
0,0,1
5,0,0
0,1,0
0,1,0
0,0,1
0,0,1
0,2,0
0,0,36
0,0,1
15,0,0
1,0,0
0,1,0
0,0,2
3,0,0
0,0,5
0,0,2
0,1,0
0,0,1
0,0,1
0,0,1
0,0,1
0,1,0
0,0,32
0,1,0
0,2,0
0,1,0
1,0,0
0,1,0
0,0,6
1,0,0
0,0,1
2,0,0
0,1,0
0,0,1
1,0,0
1,0,0
2,0,0
0,1,0
1,0,0
1,0,0
0,0,1
1,0,0
2,0,0
0,0,1
0,1,0
0,1,0
1,0,0
0,1,0
1,0,0
0,1,0
1,0,0
0,1,0
12,0,0
0,0,1
0,1,7
4,0,0
0,0,1
0,0,1
0,0,1
0,0,15
1,2,0
2,0,0
1,6,0
0,2,0
0,0,3
39,44,50
0,1,0
0,3,0
0,2,0
1,0,0
0,0,1
0,1,0
0,3,0
1,0,0
1,0,0
8,2,0
1,0,0
0,1,0
0,2,0
0,2,0
1,0,0
0,0,2
0,1,0
0,1,0
1,0,0
1,0,0
0,0,1
2,0,0
0,4,0
0,3,0
0,0,1
0,0,1
0,0,2
0,0,1
0,0,1
1,0,0
0,1,0
0,0,1
1,0,0
1,0,0
0,0,1
0,1,0
0,0,1
0,0,3
0,0,1
2,0,0
0,1,0
0,1,0
1,0,0
2,0,0
0,1,0
0,0,1
0,1,0
3,0,0
0,0,1
0,1,0
0,1,0
0,2,0
1,0,0
0,0,1
3,0,0
0,0,3
1,0,0
2,0,0
0,0,1
1,0,0
0,2,1
3,0,0
0,1,0
0,1,0
0,1,0
2,0,0
0,0,1
0,0,1
1,0,0
0,1,0
0,0,1
0,1,0
0,0,2
1,0,0
0,0,6
0,1,0
0,0,1
0,0,1
1,0,0
1,0,0
2,0,0
0,3,0
0,0,6
1,0,0
1,0,0
0,1,6
0,0,1
0,0,1
0,2,0
0,1,0
1,0,0
0,4,0
1,0,0
0,1,0
1,0,0
1,0,0
0,1,0
0,1,0
1,0,0
0,1,0
1,0,0
0,2,0
7,0,0
1,0,0
0,0,2
0,1,0
0,0,1
0,1,0
0,0,2
39,38,39
1,0,0
0,0,1
0,1,0
0,0,1
0,0,1
0,1,0
4,0,0
0,4,0
0,1,0
0,4,6
6,0,0
0,2,6
1,0,0
0,0,10
0,1,0
1,0,0
0,0,3
0,3,0
5,0,0
0,0,39
1,0,0
0,2,0
0,1,0
2,0,0
42,27,37
1,0,0
0,0,22
0,0,25
0,0,1
10,1,0
0,2,0
0,0,3
0,0,2
0,0,1
1,0,0
0,0,1
0,1,0
0,5,4
0,0,1
0,1,0
0,1,0
0,0,2
1,11,47
0,16,0
1,0,0
0,14,50
0,1,0
0,1,0
0,1,0
0,2,0
0,2,0
0,3,9
0,2,0
0,0,1
2,0,0
0,0,4
2,0,0
1,0,0
7,0,0
0,1,0
0,1,0
0,0,1
1,0,0
0,0,1
0,0,1
0,1,0
0,0,1
0,0,4
2,0,0
0,1,0
0,0,1
0,0,3
0,0,1
0,1,0
0,0,1
0,2,0
0,1,0
0,1,0
0,0,1
1,0,0
3,0,0
1,0,0
0,1,0
0,0,1
0,0,2
1,0,0
0,0,1
0,1,0
0,0,1
1,0,0
0,3,3
1,0,0
0,0,12
0,0,1
2,0,29
0,2,0
0,2,0
0,7,1
1,0,0
0,1,0
0,0,2
0,1,0
0,0,1
0,0,1
0,1,1
3,0,0
0,0,1
0,0,1
0,2,0
1,0,0
0,1,0
1,0,0
1,0,0
1,0,0
0,2,0
2,0,0
0,16,0
1,0,0
0,2,0
1,0,0
1,0,0
0,1,0
1,0,0
0,2,0
0,0,9
0,2,0
0,0,1
0,0,1
0,1,0
0,15,7
0,1,0
1,0,0
7,0,0
0,1,0
1,0,0
0,0,1
0,1,0
0,1,0
0,0,1
0,1,0
0,1,0
0,0,2
1,0,0
0,0,1
1,0,0
0,1,0
46,44,33
0,0,32
0,1,0
0,0,4
0,1,0
0,6,8
35,34,45
0,1,0
0,2,0
2,0,0
0,0,16
0,1,0
0,0,1
0,0,1
0,16,1
0,0,1
0,0,6
1,0,0
1,0,0
0,1,0
0,3,0
0,2,0
0,2,0
0,0,30
0,0,2
0,1,0
0,0,5
1,0,0
0,2,0
0,4,4
0,3,7
1,0,0
0,3,0
2,0,0
1,0,0
1,0,0
0,0,2
0,1,0
0,2,0
2,0,0
0,3,0
0,2,0
0,2,0
0,0,1
0,2,0
0,0,1
0,0,1
1,0,0
1,0,0
0,1,0
0,0,1
2,0,0
0,1,0
0,1,0
0,1,0
1,0,0
0,0,30
1,0,0
0,0,5
0,0,2
0,0,1
0,1,0
0,0,1
0,1,0
0,1,0
0,0,6
0,0,27
1,0,0
0,0,1
0,0,2
0,1,0
3,0,0
0,0,5
1,0,0
0,0,1
0,1,0
1,0,0
0,1,1
0,0,1
0,7,0
1,0,0
0,1,0
0,0,1
0,0,3
0,3,5
0,1,0
0,1,0
0,1,0
0,1,0
0,1,0
0,1,0
0,0,1
8,2,0
0,0,1
1,0,0
0,2,0
0,0,3
1,0,0
0,0,1
0,1,0
0,1,0
1,0,0
0,1,3
0,2,0
1,0,0
0,5,0
0,1,0
1,0,0
0,1,0
0,1,0
0,3,0
1,0,0
3,0,0
0,1,0
0,2,0
1,0,0
0,2,0
4,0,0
0,0,34
0,1,0
0,1,0
1,0,0
4,0,0
0,0,18
0,6,1
0,0,1
1,0,0
1,0,0
0,1,24
4,0,0
0,2,0
0,0,4
0,0,1
0,0,17
0,0,1
0,1,0
38,39,38
20,0,0
1,0,0
1,0,0
1,0,0
3,0,0
0,0,1
0,1,0
1,0,0
0,0,16
1,0,0
0,1,0
1,0,0
0,0,1
1,0,0
0,4,6
0,0,1
0,0,6
0,2,0
0,0,1
0,0,11
1,0,0
11,0,0
0,0,1
0,1,6
0,1,0
0,1,0
0,0,2
1,0,0
0,0,4
0,2,0
1,0,0
0,1,0
0,0,30
0,6,0
0,0,5
0,1,0
0,4,0
0,20,1
0,1,0
1,0,0
1,0,0
0,1,0
1,0,0
0,4,2
1,0,0
0,1,0
0,0,1
0,0,1
0,1,0
1,0,0
0,1,0
0,1,0
7,0,0
1,0,0
0,1,0
0,0,1
0,3,0
48,46,45
0,0,1
1,0,0
0,0,17
0,1,0
0,1,0
0,0,2
0,0,5
1,1,0
0,28,0
0,0,3
1,0,0
0,0,2
0,0,5
0,1,0
0,0,1
0,0,1
2,0,0
0,1,0
0,0,1
0,1,0
0,0,1
1,0,0
0,0,1
0,1,0
0,2,0
0,0,4
0,5,0
0,0,2
0,2,2
1,0,0
0,0,2
0,0,3
1,0,0
3,0,0
0,0,2
0,2,0
1,0,0
0,0,1
0,0,1
0,0,1
0,2,0
0,10,44
0,1,0
1,0,0
1,0,0
2,0,0
1,0,0
0,1,0
0,1,0
0,1,0
0,0,1
0,0,25
0,1,0
1,0,0
0,1,0
0,1,0
0,0,2
0,0,1
0,0,1
0,1,0
0,1,0
0,0,2
1,0,0
0,0,2
0,0,5
0,2,0
0,1,0
2,0,0
0,0,12
41,40,41
0,0,2
0,0,1
0,0,2
0,1,0
0,0,2
0,1,0
0,1,0
1,0,0
0,0,2
0,1,0
0,0,1
1,0,0
0,2,0
0,0,1
0,2,0
0,0,1
0,1,0
1,0,0
1,0,0
4,0,0
41,33,36
0,1,0
1,0,0
0,2,0
1,0,0
0,1,0
15,0,0
0,0,5
2,0,0
0,0,1
1,0,0
0,0,2
0,1,0
0,1,0
0,4,0
1,0,0
23,0,0
3,0,0
0,1,1
1,0,0
0,0,1
1,0,0
0,1,0
0,1,0
0,0,4
0,1,0
0,2,0
0,1,0
10,0,0
0,1,0
0,7,1
0,3,0
0,1,0
1,0,0
0,0,1
0,1,0
0,1,0
0,0,1
0,0,3
0,1,0
0,1,0
0,7,10
1,0,0
0,0,3
0,6,0
0,1,0
1,0,0
0,18,33
1,0,0
1,0,0
0,1,0
1,0,0
0,0,1
1,0,0
0,0,2
0,0,1
2,0,0
0,1,0
0,0,2
1,0,0
0,1,0
0,1,0
0,0,21
0,0,1
0,0,1
0,1,0
0,0,1
1,0,0
0,0,1
0,1,0
0,1,0
1,0,0
0,1,0
0,0,1
0,0,2
0,1,8
0,1,0
0,0,2
0,2,0
0,0,33
1,0,0
0,1,0
1,0,0
0,2,11
0,0,1
1,0,0
0,0,1
0,2,0
0,0,1
0,0,1
0,2,0
1,0,0
0,15,0
2,0,0
0,0,1
0,1,1
3,0,0
0,0,1
0,0,2
1,0,0
0,0,1
0,1,0
0,2,0
0,0,1
0,1,0
3,0,0
0,2,0
0,0,1
0,0,1
1,0,0
0,0,19
0,0,1
1,0,0
1,0,0
0,1,0
1,0,0
1,0,0
1,0,0
0,2,0
0,0,1
0,0,1
0,0,1
1,0,0
1,0,0
0,0,1
5,0,0
0,1,0
0,0,1
1,0,0
0,0,2
2,0,0
0,4,7
0,0,1
0,0,20
1,0,0
0,14,0
0,1,0
0,1,0
0,1,0
0,2,0
0,0,1
0,0,1
0,1,0
1,0,0
1,0,0
0,0,5
0,2,0
0,1,0
0,3,4
2,0,0
4,0,0
0,0,11
3,0,0
0,1,0
0,0,2
1,0,0
0,7,5
0,0,35
0,2,0
0,1,0
0,0,18
1,0,0
0,0,1
1,0,0
0,0,1
0,1,0
0,0,1
0,0,1
0,1,0
0,0,1
0,4,0
0,0,1
0,6,41
1,0,0
2,0,0
0,1,0
1,0,0
0,1,0
0,0,1
0,1,0
1,0,0
1,0,0
0,1,0
1,0,0
0,0,1
0,0,2
1,0,0
0,1,0
0,0,2
0,1,0
1,0,0
2,0,0
0,1,0
1,0,0
0,0,1
1,0,0
0,1,0
0,6,4
0,0,1
0,2,1
1,0,0
0,3,0
0,0,1
2,0,0
0,1,0
0,1,0
0,1,0
2,0,0
0,0,1
1,0,0
0,0,22
2,0,0
0,1,0
0,0,2
1,0,0
0,0,1
0,5,0
0,2,0
0,0,7
1,0,0
1,0,0
0,0,1
0,1,0
3,0,0
5,0,0
0,1,0
2,0,0
0,0,2
2,0,0
46,50,47
0,1,0
0,1,0
1,0,0
0,1,0
0,0,1
0,0,2
0,1,0
1,0,0
1,2,0
1,0,0
0,1,0
0,2,0
0,0,1
0,4,0
1,0,0
0,2,0
1,0,0
0,1,0
0,0,1
0,1,0
0,2,0
0,0,1
0,1,0
0,0,14
1,0,0
0,0,1
0,0,1
0,2,0
0,0,1
0,1,0
0,0,3
0,0,1
0,1,0
0,1,0
0,0,31
1,0,0
1,27,0
0,0,1
3,0,0
1,0,0
0,1,0
2,0,0
0,2,0
1,0,0
2,0,0
0,0,1
0,0,1
0,0,1
0,1,0
1,0,0
0,0,22
2,0,0
1,0,0
0,1,0
1,0,0
1,0,0
1,0,0
0,3,0
1,0,0
0,0,1
0,1,0
0,0,31
0,0,2
0,0,1
0,1,7
0,6,0
0,0,32
0,0,13
0,1,0
1,0,0
0,1,0
38,46,45
0,0,1
0,0,12
0,1,0
0,0,1
0,1,0
0,1,0
0,0,1
0,0,22
0,1,0
0,0,2
1,0,0
24,0,0
0,0,1
0,0,1
0,1,0
2,0,0
0,1,1
0,4,0
15,0,0
1,0,0
0,0,1
0,1,0
0,1,0
0,2,0
0,1,0
0,0,28
0,0,1
0,1,0
0,0,27
0,1,0
0,0,1
0,0,19
0,0,1
0,0,1
0,0,1
0,1,1
0,0,6
0,8,8
1,0,0
0,0,1
1,0,0
10,24,0
0,0,1
1,0,0
0,0,1
0,0,1
0,1,0
0,0,4
0,1,0
0,1,0
0,1,1
0,0,4
2,0,0
0,0,1
0,1,0
0,1,0
0,0,1
1,0,0
0,0,2
0,0,1
0,0,1
0,1,0
1,0,0
0,1,0
0,0,1
0,0,2
1,0,0
0,1,0
1,0,0
0,6,0
0,0,1
0,1,0
0,1,0
0,0,1
0,0,1
1,0,0
0,0,3
1,16,40
0,0,5
0,0,2
1,0,0
0,0,1
0,0,1
0,1,0
1,0,0
0,1,0
0,0,1
3,0,0
0,1,0
1,0,0
1,0,0
0,1,0
0,0,4
0,0,21
9,1,0
0,1,0
0,1,0
0,0,1
1,0,0
0,0,27
0,1,0
0,0,2
1,0,0
2,0,0
0,0,1
0,1,0
4,0,0
1,0,0
0,0,1
4,0,0
1,0,0
33,43,38
0,0,1
1,0,0
0,0,6
0,0,1
0,0,1
0,2,0
3,0,0
0,0,1
0,0,5
0,0,19
0,1,0
0,1,0
1,0,0
0,0,23
0,1,0
0,1,0
2,0,0
0,1,0
0,1,0
0,1,0
0,1,0
1,0,0
0,3,0
1,0,0
1,0,0
0,1,0
1,0,0
0,1,0
0,0,2
0,1,0
0,0,2
0,1,0
0,0,1
2,0,0
0,0,1
0,0,1
1,0,0
0,0,27
0,0,1
2,4,0
0,1,0
0,1,0
0,2,1
0,0,1
0,2,0
0,1,0
0,2,0
17,0,0
0,0,1
4,0,0
0,7,0
1,0,0
0,0,1
0,0,1
26,45,38
0,0,1
15,2,0
0,1,0
0,2,0
0,1,0
0,0,1
0,0,1
0,0,26
1,0,0
0,0,15
1,0,0
0,0,1
0,4,0
0,4,0
0,0,1
0,0,1
0,1,0
0,0,1
0,0,1
0,1,0
0,1,0
0,0,1
1,0,0
1,0,0
0,1,0
0,0,1
1,0,0
0,1,0
1,0,0
12,20,0
0,7,0
0,2,0
0,0,1
2,0,0
0,3,0
0,0,1
1,0,0
0,5,7
0,1,0
0,3,5
0,1,0
0,0,1
1,0,0
0,0,1
0,0,2
1,0,0
0,1,0
1,0,0
1,0,0
0,2,0
0,1,0
0,1,0
0,0,1
0,3,0
0,2,1
0,1,0
0,0,1
0,2,1
0,0,1
0,0,1
0,0,1
0,1,0
0,0,24
0,0,1
0,1,0
0,4,0
0,1,0
1,0,0
0,0,3
0,1,0
0,0,1
0,1,0
3,0,0
1,0,0
0,0,1
1,0,0
0,0,2
0,1,0
0,1,0
0,0,6
0,2,0
1,0,0
0,0,1
1,0,0
1,0,0
0,2,0
0,1,0
0,0,1
0,0,2
1,0,0
0,0,1
0,0,1
0,0,2
1,0,0
0,0,1
0,1,0
0,1,0
0,0,1
0,0,2
0,1,1
0,1,0
0,2,0
0,0,2
0,0,2
1,0,0
2,1,0
6,1,0
0,0,2
0,0,1
0,18,0
0,0,1
0,0,1
0,0,1
0,0,1
0,0,1
1,0,0
34,34,32
0,0,1
1,0,0
1,0,0
1,0,0
1,0,0
0,1,0
0,1,0
2,0,0
0,1,0
0,0,1
0,1,0
1,0,0
1,0,0
0,1,0
38,45,39
1,0,0
1,0,0
3,0,0
1,0,0
0,0,1
0,1,0
0,0,1
0,0,3
0,0,3
2,0,0
1,0,0
0,0,1
0,1,0
0,1,0
4,0,0
11,0,0
0,0,2
0,0,1
2,0,0
2,0,0
0,0,1
0,1,0
0,1,0
1,0,0
2,0,0
0,0,38
0,0,29
0,0,8
0,0,1
0,0,3
0,1,0
0,2,0
0,0,2
0,1,0
0,0,7
0,0,1
1,0,0
3,0,0
0,2,0
1,0,0
0,0,1
0,0,1
0,0,1
0,0,1
1,0,0
0,1,0
0,3,0
1,0,0
2,0,0
1,0,0
0,0,1
0,0,1
0,1,0
1,0,0
0,0,1
0,1,0
0,0,2
0,1,0
0,5,8
1,0,0
19,0,0
1,0,0
0,4,0
0,1,0
0,1,0
0,0,2
0,0,1
1,0,0
0,1,0
0,0,1
1,0,0
0,1,0
0,0,3
3,0,0
0,0,1
0,1,0
0,0,1
2,0,0
0,1,0
0,0,20
0,1,0
0,0,1
0,0,1
0,1,0
0,1,0
0,0,1
4,0,0
1,0,0
0,0,36
0,0,3
1,0,0
0,0,2
0,1,0
0,0,1
0,0,5
1,0,0
0,4,0
0,5,8
1,0,0
0,1,0
0,4,4
0,2,0
0,0,1
0,0,1
0,0,2
1,0,0
0,2,0
0,1,0
1,0,0
1,0,0
0,2,0
42,36,42
7,0,0
0,0,1
0,2,0
0,0,1
0,0,1
0,2,0
1,28,0
3,0,0
0,0,2
0,1,0
2,0,0
0,1,0
1,0,0
0,0,1
1,0,0
0,0,2
1,0,0
0,17,2
0,0,1
1,0,0
1,0,0
0,0,9
0,0,1
0,0,1
0,0,13
0,1,0
1,0,0
2,0,0
2,0,0
0,0,2
0,1,0
1,0,0
2,0,0
0,0,1
0,0,1
0,0,16
0,2,0
0,0,30
1,0,0
0,1,0
0,0,1
0,1,0
1,0,0
0,2,0
1,0,0
1,0,0
0,0,2
0,0,1
0,0,1
0,0,1
0,1,0
0,0,2
0,0,1
0,4,0
0,1,0
1,0,0
0,1,0
1,0,0
0,0,2
0,0,1
1,0,0
0,0,2
21,0,0
1,0,0
4,0,0
37,40,26
1,0,0
0,0,1
0,0,3
0,0,1
0,0,1
0,1,0
0,6,1
0,1,0
0,2,0
1,0,0
0,0,1
0,0,1
0,1,0
0,0,1
0,1,1
0,3,0
0,19,0
2,0,0
0,0,2
0,1,0
0,1,0
0,0,1
0,1,0
34,20,0
0,2,0
0,1,0
0,0,1
0,0,29
0,2,0
2,0,0
0,0,1
0,2,0
0,0,1
1,0,0
2,16,42
0,1,0
0,1,0
0,2,0
0,0,1
0,0,2
2,0,0
2,0,0
0,0,1
0,0,2
0,1,0
0,1,0
0,0,1
0,1,0
1,0,0
0,0,1
4,0,0
0,0,14
0,1,0
0,1,0
0,0,1
1,0,0
2,0,0
0,0,1
2,0,0
0,0,1
0,1,0
0,1,0
0,0,1
0,1,0
1,0,0
0,1,0
0,1,0
0,0,1
0,2,0
0,1,0
0,1,1
1,0,0
1,0,0
0,0,1
0,1,0
1,0,0
3,0,0
0,0,1
0,13,31
0,0,1
0,0,1
0,0,16
41,43,34
0,1,0
1,0,0
0,0,2
41,38,39
1,0,0
0,0,29
0,0,1
0,1,0
3,0,0
0,1,0
0,1,0
0,2,0
0,0,1
0,1,0
0,0,27
0,0,1
1,0,0
0,0,1
0,1,0
0,0,2
0,0,1
0,0,1
0,1,0
0,1,0
0,1,0
0,22,0
0,1,0
0,1,0
1,0,0
1,0,0
2,0,0
0,1,0
0,0,21
0,2,0
0,4,0
0,0,4
0,1,0
0,0,1
0,1,0
0,1,0
0,0,1
1,0,0
0,1,0
1,0,0
0,0,1
2,0,0
1,0,0
1,0,28
0,1,0
1,0,0
0,0,1
2,0,0
0,4,0
0,1,0
10,0,0
0,0,2
2,0,0
0,0,4
1,0,0
0,1,0
3,0,0
0,1,0
0,0,26
0,0,6
0,0,2
0,0,19
0,1,0
0,0,1
0,2,0
0,1,0
0,1,0
3,0,0
0,0,1
0,1,0
0,0,35
0,0,6
1,0,0
1,0,0
0,1,0
0,1,0
0,1,0
0,1,0
0,1,0
1,0,0
7,1,0
0,2,0
0,1,0
1,0,0
0,0,1
2,0,0
0,1,0
12,26,0
2,0,0
0,0,2
1,0,0
1,0,0
0,0,2
0,0,24
0,1,0
1,0,0
0,1,0
0,1,0
0,2,0
0,14,1
0,0,1
0,0,31
0,0,2
4,0,0
2,0,0
0,2,0
0,1,0
0,1,0
0,0,6
5,0,0
1,0,0
1,0,0
0,2,0
1,0,0
0,1,0
0,7,5
1,0,0
0,0,2
0,1,0
0,0,1
5,24,0
2,0,0
0,0,25
0,0,1
0,0,1
0,1,5
1,0,0
1,0,0
1,0,0
0,0,2
0,0,1
0,3,0
0,1,0
0,0,2
1,0,0
0,1,0
17,22,1
0,0,1
0,1,0
0,0,1
1,0,0
1,0,0
0,1,0
1,0,0
0,0,1
0,0,35
0,1,0
0,1,0
1,0,0
0,0,1
0,0,1
0,1,0
0,1,0
0,5,0
0,3,0
0,1,0
0,0,5
0,20,0
0,0,1
1,0,0
0,1,0
1,0,0
0,1,0
0,1,0
0,0,1
1,0,0
8,0,0
0,0,1
0,0,1
0,2,0
0,1,0
0,1,0
0,1,0
0,0,14
0,0,2
0,17,7
0,1,0
0,1,0
0,0,24
0,1,0
1,0,0
0,1,0
0,0,3
0,1,0
5,0,0
1,0,0
0,3,1
0,0,1
47,23,28
0,1,0
0,1,0
0,1,0
0,0,2
0,0,11
0,0,1
0,1,0
3,0,0
0,1,0
0,0,2
1,0,0
0,0,3
0,0,1
0,0,11
0,1,0
0,0,1
3,0,0
0,1,0
0,1,0
2,0,0
44,44,31
42,30,35
1,0,0
47,35,46
0,0,2
0,0,1
0,1,0
1,0,0
1,0,0
0,0,18
0,2,0
0,0,1
0,2,0
0,1,0
0,0,1
1,0,0
0,6,11
0,1,0
0,2,0
1,0,0
0,0,1
2,0,0
0,4,6
0,0,1
1,0,0
1,0,0
0,0,1
1,0,0
1,0,0
1,0,0
0,2,0
0,2,0
0,1,14
0,1,0
0,0,5
2,0,0
0,1,3
0,0,2
0,1,0
0,0,1
0,0,1
0,1,0
0,0,1
0,2,0
0,0,1
0,1,0
0,1,0
1,0,0
0,0,2
0,0,1
1,0,0
0,3,0
0,0,1
15,0,0
0,1,0
0,0,3
0,1,0
0,0,1
0,1,0
0,0,1
0,2,0
1,0,0
5,0,0
1,0,0
1,0,0
0,3,0
0,0,1
0,2,0
1,0,0
0,1,0
0,1,0
0,0,1
0,1,0
0,0,1
0,0,3
0,1,0
0,1,0
0,0,1
41,36,41
0,1,0
0,1,0
1,0,0
0,0,1
0,1,0
0,1,0
0,1,0
0,2,0
0,2,0
2,15,31
1,0,0
1,0,0
3,0,0
0,2,0
1,0,0
0,0,2
0,0,1
0,2,0
0,0,14
0,0,3
0,0,1
0,1,0
2,0,0
0,0,1
0,1,0
0,1,0
0,1,0
1,0,0
0,1,0
0,1,0
3,0,0
0,3,0
0,1,0
0,12,0
6,0,0
0,0,1
0,1,0
0,3,0
0,0,1
1,18,0
0,0,1
0,1,0
0,0,1
2,0,0
2,0,0
0,0,2
0,1,0
1,0,0
3,0,0
0,0,33
0,1,0
0,5,6
3,15,52
0,0,3
0,1,0
0,0,1
0,0,2
0,0,1
3,0,0
3,0,0
1,1,0
1,0,0
0,1,0
0,0,2
0,1,0
0,8,4
0,2,0
0,1,0
0,0,25
0,2,8
4,0,0
0,0,1
1,0,0
1,0,0
0,1,0
41,47,47
0,2,0
0,0,2
0,10,10
9,1,0
0,0,5
0,0,16
0,1,0
1,0,0
0,1,0
1,0,0
0,1,0
1,0,0
0,0,26
0,1,0
0,0,2
1,0,0
0,2,0
0,0,1
0,1,0
1,0,0
0,2,0
0,1,0
3,0,0
2,0,0
1,0,0
1,0,0
3,2,0
0,0,2
0,0,1
0,1,0
6,5,0
1,0,0
1,0,0
0,0,2
1,0,0
0,0,3
0,0,4
0,0,23
1,0,0
0,1,0
0,2,0
0,0,2
3,0,0
0,1,0
0,1,0
0,0,1
0,0,19
0,1,0
0,1,0
5,0,0
0,1,0
0,5,7
1,0,0
0,1,0
3,0,0
2,0,0
1,0,0
1,0,0
0,0,1
0,0,1
0,3,4
0,1,0
1,0,0
1,0,0
0,0,1
0,1,0
0,0,2
1,0,0
0,3,0
0,0,1
1,0,0
2,0,0
1,0,0
0,0,1
1,0,0
0,0,1
0,0,3
0,0,1
0,0,1
1,0,0
0,1,0
1,0,0
0,2,0
0,1,0
0,2,0
4,0,0
0,0,1
0,0,1
7,7,0
1,0,0
1,0,0
1,0,0
1,0,0
28,33,44
1,0,0
0,1,0
0,1,0
0,1,0
1,0,0
5,0,0
0,0,26
0,1,0
1,0,0
0,0,8
0,1,0
1,0,0
0,5,0
0,1,0
1,0,0
0,3,0
2,0,0
0,1,0
1,0,0
44,41,40
0,1,0
1,0,0
1,0,0
0,2,0
1,0,0
0,0,2
0,1,0
1,0,0
0,9,2
0,2,0
0,1,0
1,0,0
0,0,2
0,0,1
0,1,0
0,4,0
0,0,2
5,0,0
1,0,0
0,3,0
0,0,1
0,1,0
0,3,1
0,0,2
1,0,0
0,0,1
0,0,1
0,3,0
0,0,2
4,1,0
0,1,0
3,0,0
0,1,0
0,1,0
0,2,0
46,41,42
0,0,2
1,0,0
0,2,0
1,0,0
0,0,2
0,1,0
0,0,1
0,1,0
0,1,0
0,0,1
0,0,1
0,1,0
0,2,0
1,0,0
2,0,0
0,1,0
0,1,0
0,0,1
28,19,34
0,2,0
0,0,34
0,0,1
0,0,1
0,0,3
2,0,0
2,0,0
0,1,0
0,0,1
0,2,1
1,0,0
14,0,0
0,0,1
1,0,0
2,0,0
2,0,0
0,0,2
0,1,0
0,0,1
30,36,41
17,0,0
0,1,0
0,0,1
1,0,0
0,1,0
0,0,1
0,1,0
0,0,6
0,2,0
0,0,1
1,0,0
0,0,5
3,0,0
0,2,0
0,0,1
0,3,0
0,1,0
1,0,0
0,1,0
0,1,0
0,1,0
0,0,31
0,1,0
1,0,0
0,0,1
0,1,0
0,1,0
0,0,3
37,43,43
0,1,0
1,0,0
0,1,0
0,1,0
0,2,0
1,0,0
2,0,0
0,0,6
0,0,1
1,0,0
0,0,1
0,1,0
0,0,1
0,2,0
0,2,0
2,0,0
2,0,0
0,3,0
3,0,0
1,0,0
1,0,0
0,0,1
13,0,0
0,1,0
0,0,1
0,1,0
0,0,1
1,0,0
0,1,0
0,0,1
0,1,0
1,0,0
0,3,0
0,0,5
0,0,1
3,0,0
37,51,46
0,1,0
1,0,0
0,0,1
0,0,1
0,1,0
0,2,0
1,0,0
0,0,1
1,0,0
0,9,0
0,0,2
1,0,0
0,0,19
3,0,0
2,0,0
0,0,34
0,0,1
0,0,3
0,1,0
0,1,0
1,0,0
0,1,0
0,1,0
0,0,3
0,17,1
1,3,0
0,1,0
1,0,0
0,1,0
0,1,0
30,53,42
1,0,0
0,1,0
0,0,31
18,0,0
0,1,0
0,0,2
0,0,1
2,2,0
0,1,0
1,0,0
0,0,1
0,1,0
0,1,0
1,0,0
1,17,1
2,0,0
0,0,1
0,1,0
9,1,0
0,0,1
0,2,0
0,1,0
2,0,0
11,29,0
0,0,2
0,1,0
3,18,40
0,0,3
17,1,0
1,0,0
0,1,0
0,0,6
0,0,1
0,1,8
0,1,0
1,0,0
40,45,28
1,0,0
0,2,0
0,0,2
0,3,7
1,0,0
0,0,1
0,1,3
0,0,1
0,0,1
0,0,1
0,0,2
1,0,0
1,0,25
29,34,39
1,0,0
0,0,1
1,0,0
0,0,4
0,0,14
0,0,1
0,0,3
0,3,0
0,1,0
13,0,0
1,0,0
0,0,1
0,2,0
0,0,35
1,0,0
0,1,0
0,2,0
2,0,0
0,0,2
1,0,0
0,1,0
0,1,0
10,1,0
1,0,0
0,0,22
0,0,2
1,0,0
0,0,1
0,0,1
0,1,0
0,0,1
1,0,0
0,2,0
0,0,1
0,1,0
0,0,1
0,19,0
0,5,0
0,1,0
0,0,1
0,0,1
0,8,2
1,0,0
1,0,0
0,9,0
0,0,1
1,0,0
0,0,1
0,1,0
0,2,0
1,0,0
0,0,1
0,3,1
0,0,1
0,0,3
0,0,1
0,1,0
3,0,0
0,12,49
1,0,0
0,4,0
0,0,1
0,1,0
1,0,0
0,0,1
0,0,2
0,5,5
0,0,1
0,0,1
0,0,2
38,42,49
1,0,0
0,0,15
0,2,0
0,1,0
2,0,0
0,2,0
0,3,0
0,0,2
0,0,1
0,0,1
8,0,0
0,0,1
0,0,6
0,2,0
0,0,31
0,1,0
0,0,4
0,1,0
2,0,0
0,1,1
1,0,0
2,0,0
0,2,0
0,1,0
0,6,9
0,1,0
0,0,1
51,32,33
1,0,0
0,1,0
0,1,0
0,0,1
2,0,0
0,0,1
0,1,0
0,1,0
17,0,0
1,0,0
0,1,0
4,0,0
4,0,0
0,0,2
0,1,0
0,0,2
0,1,0
0,0,34
1,0,0
0,0,26
1,0,0
3,0,0
1,0,0
0,1,0
0,1,0
1,0,0
6,0,0
0,0,1
0,1,0
0,1,0
0,2,0
0,0,1
0,1,0
0,0,23
0,7,6
0,0,2
0,1,5
0,0,1
0,0,1
0,1,6
0,1,0
0,3,4
0,0,1
0,0,1
1,0,0
0,0,30
0,0,1
1,0,0
1,0,0
0,0,1
0,0,1
0,0,26
0,0,1
0,1,0
0,6,1
0,0,1
0,2,0
0,0,1
0,1,0
2,0,0
0,1,0
27,37,39
0,1,0
0,0,1
0,0,1
1,0,0
0,0,1
0,0,1
0,5,0
0,12,0
0,15,3
0,1,0
0,1,0
0,0,1
0,1,0
0,21,0
0,0,12
0,0,1
1,0,0
0,0,3
0,0,2
1,0,0
3,0,0
1,0,0
2,0,0
0,1,0
1,0,0
0,1,0
0,0,1
0,1,0
0,1,0
1,0,0
0,1,0
0,0,17
0,0,3
0,0,1
34,47,29
1,0,0
1,0,0
0,1,0
0,0,1
1,0,0
0,0,4
0,1,0
1,0,0
0,0,1
0,1,0
49,40,44
43,42,39
0,0,2
8,16,0
0,1,0
39,43,35
0,6,0
0,1,0
0,0,1
47,53,44
0,0,1
3,0,0
0,1,0
2,0,0
1,0,0
0,1,0
0,0,1
0,0,1
1,0,0
0,0,1
0,0,1
1,0,0
0,7,0
0,4,9
1,0,0
0,0,1
0,0,1
0,0,1
1,0,0
0,1,0
1,0,0
0,0,1
0,1,0
0,1,0
1,0,0
1,0,0
0,0,21
0,1,0
0,0,1
0,3,0
0,1,0
0,0,2
1,0,0
0,0,1
0,1,0
1,0,0
1,0,0
0,0,1
1,0,0
1,0,0
1,0,0
0,0,1
0,0,1
0,6,3
0,1,0
0,1,0
3,0,0
1,0,0
0,1,0
0,1,0
0,1,0
0,2,0
0,0,1
0,0,1
0,0,5
17,0,0
0,1,0
0,0,22
0,6,4
0,0,1
1,0,0
2,0,0
1,0,0
0,1,0
1,0,0
0,1,0
0,2,0
0,0,1
1,0,0
0,1,0
0,0,1
0,0,9
0,1,0
0,16,0
0,1,0
1,0,0
0,0,5
0,3,1
0,3,0
1,0,0
0,0,1
0,1,0
0,3,0
3,0,0
0,5,4
0,0,3
1,0,0
0,0,1
1,0,0
0,1,0
2,0,0
0,1,0
0,0,4
1,0,0
1,0,0
0,0,1
0,1,0
0,1,0
16,0,0
4,0,0
1,0,0
9,5,0
0,0,1
2,0,0
0,0,4
0,0,1
0,1,0
1,0,0
0,0,1
2,0,0
0,1,0
0,0,3
1,0,0
1,0,0
1,0,0
0,0,1
1,0,0
0,1,6
1,0,0
0,0,1
0,0,1
3,0,0
0,2,0
0,1,0
0,2,0
1,0,0
11,21,0
0,1,0
0,0,1
1,0,0
0,1,0
4,0,0
1,0,0
1,0,0
0,1,0
45,34,35
0,1,0
1,0,0
0,0,1
0,1,0
0,4,0
0,1,0
0,2,0
0,0,1
0,1,0
0,2,0
10,1,0
0,1,0
0,1,0
0,0,2
0,0,4
0,0,1
0,1,0
0,0,19
1,0,0
0,7,5
0,2,0
1,0,0
1,0,0
0,1,0
1,17,2
0,0,1
1,0,0
8,0,0
0,0,1
0,0,1
2,0,0
0,1,0
0,1,0
1,0,0
0,1,0
0,1,0
0,1,0
0,1,0
0,1,0
0,0,1
2,0,0
0,1,0
0,1,0
0,0,1
1,0,0
0,1,0
1,0,0
1,0,0
0,0,3
0,1,0
1,0,0
0,1,0
0,2,0
0,1,0
0,1,0
0,0,2
0,0,1
0,0,1
0,0,1
0,1,0
0,1,0
0,0,1
2,0,0
0,1,0
0,1,0
2,0,0
1,0,0
0,1,0
0,1,0
0,2,0
0,1,0
0,0,15
43,48,38
0,2,0
0,1,0
0,0,19
0,1,0
0,1,0
1,0,0
0,0,13
0,4,5
0,1,0
2,0,0
0,0,15
1,0,0
0,0,1
0,0,2
36,35,35
0,0,24
0,1,0
8,0,0
0,0,1
0,0,3
1,0,0
15,0,0
0,1,0
0,1,0
0,3,0
1,0,0
0,2,0
0,4,0
1,0,0
1,0,0
1,0,0
0,0,2
0,0,1
0,0,2
0,1,0
0,0,27
0,0,1
1,0,0
0,0,3
0,0,1
0,0,1
14,0,0
0,0,1
0,0,1
0,0,1
0,0,32
0,1,0
0,0,22
0,0,22
0,3,0
0,0,2
0,0,1
0,0,1
0,1,0
0,1,4
0,1,0
0,0,1
0,1,0
0,0,1
1,0,0
0,0,1
0,1,0
0,0,32
0,0,1
18,22,1
0,0,2
0,1,0
0,1,0
0,4,0
0,22,0
0,0,1
1,0,0
2,0,0
0,1,0
0,1,0
0,6,1
0,1,0
0,0,5
0,0,1
0,0,28
0,2,0
0,0,3
0,1,0
0,1,0
1,0,0
0,1,0
1,0,0
0,1,0
0,1,0
0,0,1
0,0,1
0,0,1
0,0,1
0,0,2
1,0,0
0,0,1
0,0,1
0,0,1
0,0,1
2,0,0
0,1,0
0,1,30
0,1,0
4,0,0
2,0,0
1,0,0
0,0,1
0,0,6
1,0,0
0,1,0
1,0,0
0,0,1
0,4,0
1,0,0
0,1,0
0,0,1
0,1,0
2,0,0
2,0,0
0,0,1
0,1,1
1,0,0
2,0,0
0,0,6
3,0,0
0,1,0
0,0,22
1,0,0
0,1,0
2,0,0
0,1,0
0,0,1
3,0,0
1,0,0
0,1,0
31,44,38
0,1,0
0,1,0
3,0,0
0,1,0
1,0,0
0,0,2
0,2,0
0,0,1
0,1,0
0,1,0
0,0,6
0,1,0
0,1,0
0,0,1
0,2,1
1,0,0
0,4,1
0,5,0
0,1,0
0,1,27
0,0,2
0,1,0
1,0,0
0,0,1
3,0,0
1,0,0
0,1,0
0,1,0
0,0,2
0,1,0
0,0,22
0,1,0
0,3,0
0,1,0
0,0,1
2,0,0
0,1,0
1,0,0
0,0,2
0,1,0
0,0,1
1,0,0
0,2,0
1,0,0
1,0,0
0,0,1
2,0,0
0,0,1
0,1,0
0,1,0
0,1,0
0,1,0
1,0,0
0,0,1
0,0,2
0,5,45
17,0,0
0,1,0
0,2,0
0,1,0
0,1,0
1,0,0
1,0,0
0,1,0
2,0,0
0,0,1
1,0,0
0,1,1
0,2,0
2,0,0
0,0,1
0,0,1
0,1,0
0,1,0
1,0,0
1,0,0
0,0,1
0,1,0
0,0,1
0,0,2
0,0,1
0,0,37
0,0,2
0,1,0
0,3,0
0,1,0
0,1,0
0,0,19
0,1,0
0,0,1
0,1,0
1,23,45
0,0,1
0,0,25
0,1,0
0,2,0
0,0,1
0,0,1
21,21,0
0,0,1
0,1,0
1,0,0
0,1,0
0,2,0
0,0,4
0,2,0
0,0,1
1,0,0
0,0,1
0,0,2
0,1,0
0,0,1
0,6,8
1,0,0
0,1,0
1,0,0
0,0,34
2,0,0
0,1,0
0,1,0
0,2,0
0,2,0
0,0,3
0,0,2
0,2,0
0,2,0
0,0,1
1,0,0
0,5,8
0,0,1
0,1,0
0,0,26
0,1,0
2,0,0
0,1,0
0,1,0
1,0,0
0,0,1
0,0,1
4,0,0
0,0,1
0,0,1
1,0,0
0,0,1
0,1,0
0,0,1
0,1,0
1,0,0
1,0,0
0,1,0
0,0,19
1,0,0
0,0,1
1,0,0
2,0,0
0,0,24
1,0,0
0,0,1
0,1,0
0,0,1
40,35,45
1,0,0
20,0,0
0,2,0
0,0,2
0,0,1
3,0,0
36,31,42
0,0,1
0,1,0
1,0,0
0,9,0
0,3,0
0,1,0
1,0,0
1,0,0
0,1,0
2,0,0
0,1,0
0,4,0
0,0,1
0,2,0
2,0,0
1,0,0
0,2,0
1,0,0
1,1,0
0,0,24
0,0,1
0,1,0
32,33,36
1,0,0
2,0,0
0,0,1
1,0,0
1,0,0
0,1,0
0,1,0
0,0,1
0,0,1
0,1,0
0,0,1
1,0,0
3,6,44
2,0,0
0,3,10
4,0,0
0,0,1
0,0,2
1,0,0
0,0,2
0,1,0
0,2,0
1,0,0
0,3,0
0,0,1
1,0,0
0,1,0
2,0,0
1,0,0
0,1,0
0,2,0
0,1,0
0,1,0
0,1,0
0,0,3
0,1,0
0,1,0
1,0,0
0,0,1
0,1,0
1,0,0
0,1,0
0,0,1
0,0,2
2,0,0
0,0,2
2,0,0
39,44,36
0,0,1
2,0,0
1,0,0
0,0,1
1,0,0
0,1,0
0,0,4
0,0,1
37,41,29
0,1,0
0,1,0
0,0,2
0,0,2
0,1,0
0,0,1
1,0,0
0,0,23
0,1,0
1,0,0
0,0,1
1,0,0
0,26,1
0,9,0
0,2,0
0,3,0
0,0,1
0,2,0
0,0,27
0,1,0
0,1,0
0,1,0
0,0,1
0,2,0
1,0,0
0,0,1
0,1,0
0,0,1
0,1,0
1,0,0
0,0,1
0,0,1
0,0,2
0,1,0
0,3,0
1,0,0
1,0,0
1,0,0
0,0,3
2,0,0
0,3,0
0,1,0
0,1,0
0,0,1
0,0,1
0,0,1
0,2,0
0,0,18
5,10,43
0,1,0
0,1,0
0,1,0
0,1,0
0,5,11
1,0,0
0,1,0
1,0,0
0,1,0
0,1,0
1,0,0
0,0,2
0,0,14
0,0,1
0,1,0
0,5,3
0,0,1
0,5,0
0,2,7
0,1,0
0,0,1
1,0,0
0,2,0
0,2,0
34,50,34
6,0,0
0,0,1
0,0,1
0,0,1
0,2,0
0,6,7
2,0,0
1,0,0
1,0,0
1,0,0
1,0,0
1,0,0
0,3,9
0,0,1
0,0,2
0,0,28
1,0,0
0,1,0
0,0,31
1,0,0
1,0,0
1,0,0
36,45,37
0,0,4
0,1,0
0,0,1
0,0,2
2,0,0
0,1,0
1,0,0
0,0,4
0,1,0
1,0,0
0,1,0
0,1,0
2,0,0
0,0,1
0,1,0
0,0,2
0,1,0
0,0,1
0,1,0
0,2,0
0,2,0
0,0,1
0,0,3
0,0,1
0,3,0
12,0,0
1,0,0
12,2,0
0,0,30
0,0,1
0,0,1
0,1,0
0,2,0
0,0,24
0,0,2
0,1,0
3,0,0
1,0,0
0,0,4
0,0,1
0,0,1
0,2,0
0,1,0
0,0,2
0,1,0
0,1,0
0,0,1
0,0,1
0,0,4
1,0,0
0,1,0
2,0,0
0,2,0
1,0,0
0,1,0
0,0,1
2,0,0
1,0,0
0,0,1
1,0,0
0,0,1
0,1,0
0,1,0
2,0,0
7,2,0
0,0,5
39,47,38
0,1,0
0,0,19
0,1,0
0,0,24
1,0,0
0,0,1
0,0,1
0,1,0
0,2,0
0,2,7
1,0,0
2,0,0
0,1,0
0,1,0
0,0,1
0,1,0
0,2,0
0,0,3
0,1,0
46,46,37
0,12,1
1,0,0
0,1,0
0,0,1
0,1,0
1,0,0
0,5,0
0,1,0
0,1,0
37,52,39
0,0,1
1,0,0
20,18,0
0,1,0
0,0,1
1,1,0
0,0,1
0,0,5
0,1,0
0,0,1
2,0,0
0,0,3
2,0,0
22,0,0
14,0,0
0,1,0
3,0,0
0,1,0
0,0,1
0,0,1
0,1,0
0,0,1
0,1,0
0,0,30
0,1,0
0,1,0
1,0,0
1,0,0
1,0,0
0,7,0
1,0,0
0,0,1
1,0,0
0,2,0
0,2,0
0,0,3
1,3,0
1,0,0
2,0,0
0,1,0
1,0,0
1,0,0
2,0,0
0,2,0
0,1,0
22,1,0
0,1,0
1,0,0
0,2,0
2,10,50
0,1,0
0,1,0
0,1,0
0,1,0
0,0,1
0,3,0
0,1,0
0,0,1
0,0,1
0,1,0
0,1,0
0,0,1
0,0,1
0,1,0
0,1,4
0,1,0
0,1,0
0,0,2
2,0,0
0,0,1
0,1,0
0,0,1
0,1,0
0,0,24
0,2,0
1,0,0
0,0,1
0,0,1
1,0,0
0,1,0
0,0,1
0,0,2
0,0,1
0,0,1
0,1,0
0,1,0
0,0,1
0,0,1
0,4,0
0,1,0
0,1,0
1,0,0
0,0,1
18,0,0
11,5,0
0,4,1
0,0,1
0,1,0
1,0,0
0,1,0
1,0,0
0,0,1
0,0,2
0,0,2
3,1,35
0,0,1
0,2,0
1,0,0
0,4,0
1,0,0
1,0,0
0,0,1
0,1,0
0,0,1
0,1,0
0,0,1
0,0,2
1,0,0
1,0,0
14,0,0
0,0,1
1,1,0
0,22,0
0,0,3
1,0,0
0,1,0
0,2,0
1,0,0
0,1,0
0,1,5
0,3,1
0,1,0
27,35,32
0,1,0
0,3,0
1,1,0
0,0,2
0,5,5
1,0,0
0,1,0
3,0,0
0,0,2
1,0,0
0,1,0
0,2,0
1,22,0
0,1,0
0,0,2
0,0,5
0,1,0
0,0,3
0,0,3
3,0,0
0,0,1
0,0,1
0,1,0
0,0,2
34,43,49
0,0,13
1,0,0
1,0,0
0,1,0
0,0,1
0,0,1
0,2,0
0,0,2
0,2,0
0,2,0
0,0,1
0,0,1
0,2,0
2,0,0
0,1,0
0,1,0
0,0,1
0,1,0
0,2,6
0,0,1
0,0,1
0,0,1
0,1,0
0,0,1
0,2,0
1,0,0
0,0,1
0,0,3
0,0,1
1,0,0
0,1,1
2,2,0
0,1,0
0,0,1
0,0,2
0,1,0
1,0,0
0,1,0
0,0,1
1,0,0
0,0,1
0,2,0
0,1,0
0,0,4
0,0,1
0,0,1
0,0,1
0,0,1
0,2,0
1,0,0
1,0,0
0,0,1
0,2,0
3,0,0
1,0,0
0,0,1
0,1,0
1,0,0
0,4,0
0,1,0
0,1,0
0,1,0
0,0,2
1,1,0
1,0,0
0,2,0
0,3,0
0,0,13
0,0,2
0,0,2
1,0,0
1,0,0
2,0,0
0,2,0
48,44,31
0,1,0
1,0,0
0,0,2
0,1,0
2,0,0
0,0,1
1,0,0
0,1,0
0,1,0
0,0,1
0,0,3
0,3,0
0,4,1
0,0,1
41,37,33
0,3,0
0,1,0
0,1,0
0,2,0
4,0,0
0,19,0
0,0,2
0,1,0
0,0,1
1,0,0
1,0,0
14,0,0
0,1,0
0,1,0
0,0,4
0,1,0
0,0,1
0,0,1
0,0,1
1,0,0
0,0,1
0,0,1
0,1,0
0,0,1
0,1,0
0,0,27
0,1,0
0,1,0
2,0,0
1,0,0
2,0,0
1,0,0
0,0,2
2,0,0
0,4,0
0,1,0
0,5,0
0,1,0
0,0,1
1,0,0
22,23,0
0,1,0
2,15,0
0,1,0
0,0,3
0,0,1
0,0,1
0,1,0
0,0,30
0,0,1
0,0,1
0,2,0
0,1,0
1,0,0
0,0,1
0,1,0
2,0,0
0,1,0
1,0,0
0,0,15
0,1,0
0,2,0
0,1,0
0,1,0
0,0,3
0,1,0
0,0,1
0,0,1
0,1,30
0,0,1
0,0,2
0,1,0
0,1,0
0,0,2
0,1,0
0,5,2
0,0,2
0,1,0
0,0,1
0,1,0
0,1,0
0,0,2
3,0,0
0,1,0
0,0,22
1,0,0
2,1,0
1,0,0
0,0,1
1,0,0
1,0,0
0,0,1
21,0,0
1,0,0
0,0,26
0,0,1
0,1,0
4,0,0
0,3,0
0,1,0
0,0,1
0,2,0
1,0,0
0,0,1
1,0,0
2,0,0
1,0,0
0,1,0
0,1,0
1,0,0
0,2,0
0,1,0
0,0,1
0,1,0
1,0,0
0,2,0
1,0,0
0,0,1
0,1,0
0,0,1
0,1,0
1,0,0
0,1,0
0,1,0
0,4,0
0,1,0
0,1,0
0,1,0
0,1,0
0,0,1
11,0,0
0,1,0
0,7,0
0,0,3
1,0,0
0,1,0
0,0,1
0,1,0
2,0,0
0,0,1
0,0,1
0,0,1
0,0,6
0,0,1
0,0,6
1,0,0
0,5,6
1,0,0
0,1,0
0,0,2
0,1,1
0,0,1
0,0,3
0,2,7
0,0,7
0,1,0
0,1,0
0,0,1
0,0,4
0,1,0
0,0,28
0,6,0
0,0,1
1,0,0
0,0,4
0,0,2
0,1,0
0,1,0
0,0,4
0,1,0
0,1,0
2,0,0
1,0,0
4,0,0
0,1,0
0,1,0
1,0,0
0,1,0
0,0,24
2,0,0
0,0,14
0,1,0
0,0,3
47,45,33
1,0,0
0,0,2
0,0,1
1,0,0
0,0,22
0,0,1
1,0,0
0,4,38
0,6,0
0,0,25
0,0,1
0,1,0
43,38,48
0,0,1
0,2,0
1,1,0
0,0,2
3,0,0
0,0,2
0,0,2
3,0,0
0,1,0
0,0,1
0,0,1
0,0,3
0,0,1
0,0,1
0,0,25
0,1,0
0,1,9
0,4,0
0,0,3
30,51,50
0,1,0
0,0,10
0,0,1
0,1,0
0,3,1
4,0,0
0,1,0
47,41,44
0,1,6
0,0,2
0,8,13
1,0,0
0,2,5
0,0,1
1,0,0
2,0,0
4,0,0
0,0,10
0,0,26
0,0,31
0,1,0
0,0,8
0,1,0
0,0,2
1,0,0
0,0,1
2,0,0
0,0,1
0,0,17
0,1,0
0,1,0
0,0,17
0,0,2
0,0,9
2,0,0
0,0,21
0,0,8
2,0,0
0,0,1
0,1,0
0,2,1
0,3,0
0,1,0
0,5,0
8,1,0
0,1,0
1,20,0
0,3,6
0,0,1
0,5,3
0,0,1
1,0,0
4,0,0
0,0,2
0,0,36
0,0,1
0,0,2
0,0,1
6,0,0
1,0,0
3,0,0
1,0,0
0,0,1
0,0,1
0,1,0
1,0,0
0,0,1
0,1,0
0,0,1
0,1,7
0,1,0
0,1,0
0,0,1
0,0,1
0,0,1
2,0,0
0,0,1
0,0,1
0,1,0
0,1,0
2,0,0
1,0,0
0,0,1
0,0,1
0,0,1
1,0,0
0,0,16
0,1,0
1,0,0
0,1,0
0,1,0
0,5,0
0,0,1
1,0,0
1,0,0
0,1,0
0,1,0
0,1,0
0,0,3
1,0,0
0,1,0
0,12,3
0,2,0
0,0,19
0,2,0
0,0,1
1,0,0
0,1,0
0,1,0
0,0,1
0,0,8
1,0,0
0,4,0
0,1,0
0,0,2
1,0,0
0,0,3
0,1,0
1,0,0
1,0,0
0,0,16
0,0,2
0,1,0
0,0,1
0,1,0
0,4,0
0,0,1
0,0,3
0,2,0
0,0,1
1,0,0
0,0,1
0,0,14
24,0,0
0,1,0
1,0,0
0,5,5
0,2,0
0,1,0
4,0,0
0,3,5
0,0,1
1,0,0
0,0,24
1,0,0
0,1,0
0,1,0
1,0,0
3,0,0
0,8,8
0,0,1
0,0,1
0,0,1
0,0,3
0,0,1
0,0,1
0,1,0
0,0,2
0,7,7
0,5,0
3,0,0
0,1,0
0,3,0
0,1,0
0,2,0
0,1,0
0,4,5
0,0,2
0,1,0
0,1,0
0,0,1
0,0,1
0,0,1
0,0,1
0,0,1
0,1,0
0,2,0
1,0,0
0,21,0
0,3,0
0,2,0
0,0,25
2,0,0
0,2,0
0,1,0
0,1,0
0,0,1
0,2,0
0,2,0
0,0,1
1,0,0
0,0,1
2,0,0
0,0,1
0,1,0
0,0,2
0,2,0
1,0,0
0,1,0
0,0,4
0,0,4
1,0,0
0,0,1
0,0,36
2,0,0
0,0,1
0,2,0
0,2,0
2,0,0
0,2,6
0,0,1
0,1,0
0,0,2
0,1,0
0,0,1
0,1,5
1,0,0
0,0,1
0,0,1
0,1,0
0,0,10
0,0,1
0,0,1
0,0,2
0,1,0
4,0,0
1,0,0
0,2,0
1,21,1
0,0,1
2,0,0
0,0,2
0,0,1
0,1,0
2,0,0
0,0,2
0,1,0
0,2,0
1,0,0
1,0,0
0,0,1
3,1,0
1,0,0
0,3,0
0,1,0
0,0,1
0,1,0
1,0,0
0,1,0
0,1,0
0,1,0
2,0,0
0,0,1
0,0,3
0,0,1
0,0,1
0,0,1
0,0,1
0,0,1
0,0,1
0,0,3
0,3,0
0,1,0
0,0,1
0,1,0
6,0,0
19,30,0
0,0,1
1,0,0
1,0,0
0,0,13
1,0,0
35,34,42
0,1,0
0,3,0
0,0,1
0,1,0
2,0,0
0,1,0
0,0,1
1,0,0
3,0,0
0,1,0
0,1,0
9,0,0
1,0,0
2,0,0
0,0,6
0,0,1
47,39,41
0,0,4
1,0,0
0,0,1
0,1,0
0,1,0
0,0,1
0,0,1
1,0,0
0,0,5
1,1,28
0,1,0
0,1,0
0,0,1
1,0,0
0,0,1
0,0,1
0,0,1
1,0,0
0,1,0
0,1,0
0,0,1
1,0,0
1,0,0
1,0,0
0,1,0
0,3,0
0,0,1
0,0,1
2,0,0
0,1,0
0,1,0
0,0,1
0,0,2
0,0,2
0,0,2
0,0,1
0,1,0
0,0,1
1,0,0
0,0,1
9,0,0
0,1,0
0,1,0
0,0,11
0,1,0
0,1,0
0,0,1
0,0,1
0,1,0
0,0,1
1,0,0
42,46,40
0,0,1
1,0,0
0,0,1
0,2,0
0,1,0
1,0,0
39,38,57
1,0,0
0,0,3
1,0,0
1,0,0
0,0,1
45,43,40
45,36,34
1,0,0
0,0,2
0,0,1
0,3,0
20,0,0
0,1,0
0,1,0
0,2,0
0,0,1
1,0,0
0,1,0
0,0,4
0,0,19
0,0,1
0,1,0
0,0,2
0,1,0
0,1,0
1,0,0
1,0,0
0,0,1
0,1,0
0,0,2
0,0,3
0,0,1
0,1,0
0,0,1
0,6,4
0,2,1
0,1,0
0,0,30
0,0,3
0,0,1
0,0,1
0,0,1
1,0,0
0,0,1
0,0,1
1,0,0
0,0,27
0,0,2
0,1,0
0,1,0
5,0,0
0,0,2
0,0,1
0,1,6
1,0,0
20,16,40
0,0,8
0,2,0
1,0,0
0,1,0
0,1,0
0,0,1
0,4,0
1,0,0
0,0,1
2,0,0
1,0,0
0,0,1
0,1,0
0,5,0
1,0,0
0,0,2
3,0,0
0,0,22
0,1,0
0,0,2
0,1,0
0,1,0
0,1,0
20,0,0
0,0,1
0,1,0
1,0,0
0,0,1
0,1,0
0,1,24
1,3,0
16,0,0
0,0,1
2,0,0
0,0,2
0,1,0
1,0,0
1,0,0
2,0,0
0,0,1
1,0,0
0,5,0
0,6,0
0,2,0
0,1,4
1,0,0
0,2,1
0,1,0
0,0,1
0,1,0
1,0,0
0,0,2
0,0,1
0,0,22
0,0,1
2,0,0
2,0,0
6,0,0
0,0,1
0,1,0
0,1,0
0,1,0
2,0,0
0,5,0
0,0,1
0,2,0
0,4,0
0,0,1
0,3,8
1,0,0
5,0,0
0,2,0
0,2,0
0,0,23
0,0,3
0,0,2
0,1,0
3,0,0
1,0,0
0,0,1
1,0,0
0,0,4
1,0,0
1,0,0
0,3,0
0,0,3
0,0,1
0,0,1
0,0,1
0,2,0
0,2,0
42,42,45
0,0,2
0,0,1
0,0,24
0,1,0
0,0,1
0,0,1
0,2,0
0,0,1
0,1,25
0,0,1
0,1,0
0,1,0
0,6,0
0,18,0
2,0,0
0,0,1
2,0,0
0,1,0
0,0,1
0,1,0
0,0,2
0,1,0
0,0,2
3,0,0
1,0,0
0,0,1
0,0,1
0,2,0
0,1,0
1,0,0
0,0,16
0,0,1
5,0,0
0,0,4
0,1,0
0,1,0
1,0,0
3,0,0
1,0,0
0,1,0
1,0,0
0,0,1
0,1,0
0,1,0
0,0,1
0,0,23
1,0,0
1,0,0
1,0,0
0,0,1
0,2,0
23,0,0
0,1,0
1,0,0
0,0,1
0,1,0
0,2,0
0,0,1
0,2,0
0,0,1
0,0,2
1,0,0
0,1,0
0,1,0
1,0,0
0,0,2
0,0,3
12,0,0
0,8,36
0,0,2
0,1,0
0,0,1
0,1,0
0,0,2
0,1,0
0,1,0
1,0,0
0,0,1
1,0,0
0,2,0
44,48,41
0,0,2
0,1,0
0,1,0
4,0,0
1,0,0
0,0,28
0,0,3
1,0,0
0,0,2
1,0,0
0,1,0
0,1,0
0,1,0
1,0,0
40,46,44
0,2,0
0,0,16
1,0,0
5,0,0
2,0,0
3,0,0
25,44,51
7,1,0
1,0,0
0,3,0
0,2,0
0,0,1
0,1,0
0,1,0
0,0,1
0,1,0
0,6,0
0,0,25
0,1,0
0,0,2
1,0,0
1,0,0
0,6,0
1,0,0
0,0,2
0,1,0
2,0,0
0,0,8
0,2,1
0,2,0
0,0,1
0,1,0
1,0,0
0,0,1
0,0,2
0,2,0
1,0,0
1,0,0
2,0,0
0,0,1
0,0,1
0,1,0
46,39,51
0,0,2
0,0,4
0,1,0
0,3,0
0,1,9
0,2,0
0,0,1
0,1,0
0,0,1
47,40,40
0,1,0
0,4,0
0,1,0
1,0,0
1,0,0
5,0,0
0,1,0
1,0,0
1,0,0
1,0,0
1,0,0
0,0,24
0,9,0
0,0,1
0,1,0
0,4,0
0,0,35
0,1,10
1,0,0
0,1,0
5,0,0
0,1,0
2,0,18
5,0,0
1,0,0
5,0,0
0,1,0
0,0,2
0,1,0
0,2,0
2,0,0
0,0,11
1,0,0
0,2,0
0,1,0
0,1,0
1,0,0
1,0,0
1,0,0
0,1,0
0,0,1
1,0,0
3,0,0
0,0,1
0,1,0
41,49,37
0,1,0
0,1,0
0,1,0
0,0,1
0,6,3
0,2,0
0,1,0
0,1,0
0,0,4
0,0,1
0,0,1
0,0,1
0,0,1
1,0,27
0,1,0
2,0,0
0,1,0
0,0,1
1,0,0
1,0,0
0,1,0
0,2,0
0,7,13
0,1,0
0,0,1
2,0,0
0,0,1
0,0,1
32,43,43
0,0,1
0,1,0
0,1,0
0,1,0
0,1,0
11,2,0
0,1,0
0,1,0
1,0,0
0,0,1
0,18,1
1,0,0
0,2,0
0,1,0
0,1,0
1,0,0
0,1,0
0,0,1
0,1,0
0,1,0
0,4,0
0,2,0
0,19,0
0,0,1
0,0,1
0,1,0
1,0,0
0,0,1
0,3,0
0,0,1
0,0,1
2,0,0
0,0,1
0,1,0
0,0,9
0,0,1
0,1,0
0,0,2
0,1,0
0,1,0
0,1,0
0,0,1
0,1,0
1,0,0
0,0,1
0,0,1
2,0,0
6,0,0
0,0,1
0,0,1
0,0,18
0,3,0
0,0,1
0,1,0
0,16,0
0,0,3
0,1,0
0,1,0
0,1,0
1,0,0
0,0,1
0,0,3
3,0,0
0,1,0
0,1,0
0,1,0
0,1,0
0,7,1
1,0,0
0,0,1
1,0,0
0,0,1
0,6,4
0,0,3
1,0,0
0,1,0
1,0,0
0,0,1
0,0,1
0,0,23
0,8,1
1,0,0
0,2,0
1,0,0
1,0,0
0,0,1
1,0,0
0,1,0
0,1,0
0,0,1
1,0,0
0,1,0
0,0,1
0,2,0
0,0,2
0,0,1
0,1,0
0,0,2
0,0,1
0,0,1
1,0,0
0,0,1
3,0,0
0,0,2
2,0,0
1,0,0
3,0,0
0,3,0
1,0,0
0,2,0
0,1,0
0,0,1
0,3,0
2,0,0
0,0,1
0,0,28
0,8,0
0,0,2
1,0,0
0,0,2
0,1,0
0,0,2
16,0,0
2,0,0
43,44,46
0,1,0
2,0,0
0,0,1
0,1,0
0,0,1
0,1,0
0,0,2
0,0,1
0,0,1
42,46,37
3,0,0
0,0,1
30,35,36
1,0,0
1,0,0
0,0,2
1,0,0
0,1,0
0,1,0
17,0,0
0,0,1
0,0,3
2,0,0
3,0,0
0,4,5
0,3,7
0,0,4
1,0,0
0,1,0
0,0,19
0,0,1
1,0,0
13,0,0
0,3,0
0,5,9
0,7,0
1,0,0
1,19,1
0,1,0
0,1,7
0,0,1
1,0,0
1,0,0
0,4,7
0,0,2
0,0,3
1,0,0
50,35,33
0,11,0
0,0,2
0,1,0
1,0,0
0,3,8
0,2,0
0,0,1
35,38,31
0,3,0
0,1,0
0,1,0
0,1,0
0,0,1
0,2,6
12,18,0
0,0,1
0,1,0
0,3,0
0,5,3
0,0,2
0,1,0
1,0,0
1,0,0
25,0,0
2,0,0
0,0,2
0,1,0
0,0,1
0,1,0
1,0,0
0,0,1
0,1,0
0,0,1
0,1,0
0,5,0
0,1,0
0,1,0
1,0,0
0,0,1
0,0,1
0,1,0
0,0,1
1,0,0
0,2,0
0,1,0
0,1,0
1,0,0
0,1,0
0,0,1
0,0,1
0,3,0
0,0,1
1,0,0
0,1,0
0,1,0
1,0,0
0,0,1
0,0,2
0,1,0
0,1,11
0,1,10
0,1,0
0,0,4
1,0,0
0,0,1
0,0,5
1,0,0
0,1,10
0,1,0
0,0,1
0,1,0
0,0,1
0,1,0
0,1,0
0,1,0
0,1,0
0,0,1
0,0,3
0,2,0
0,1,0
0,2,0
0,1,0
0,0,1
0,1,0
0,2,7
0,0,1
0,1,0
0,0,1
0,0,20
12,2,0
1,0,0
0,3,0
1,0,0
0,2,0
1,0,0
0,1,0
4,0,0
0,0,2
2,0,0
0,0,2
0,0,1
0,1,0
0,1,0
0,0,1
0,0,1
0,1,0
0,2,2
0,1,0
0,0,2
0,0,3
50,48,40
1,0,0
0,0,2
0,0,1
3,0,0
0,0,6
11,16,38
0,7,6
0,1,0
0,1,0
0,0,1
0,1,0
1,0,0
0,0,1
1,0,0
1,0,0
0,0,1
0,0,3
0,0,4
1,0,0
1,0,0
0,0,1
0,0,1
0,0,28
1,0,0
0,0,3
29,50,45
1,0,0
0,22,1
0,1,0
1,0,0
0,1,0
1,0,0
0,1,0
0,1,0
3,0,0
0,0,1
0,1,3
0,1,0
0,0,2
0,0,1
0,0,1
0,1,0
0,1,0
1,0,0
0,1,0
0,1,0
0,1,0
0,0,2
23,0,0
7,0,0
0,2,9
0,1,0
0,1,0
0,0,1
0,0,1
0,0,23
0,1,0
0,0,2
0,0,29
0,0,1
0,1,0
0,0,5
0,0,1
2,0,0
0,0,1
0,2,0
1,0,0
0,1,0
0,0,1
0,1,0
0,1,0
9,3,0
1,0,0
0,3,0
0,0,1
0,1,0
0,3,1
0,4,6
0,0,2
0,7,10
0,2,0
0,0,1
0,0,12
0,0,1
0,0,2
0,0,1
0,1,0
0,0,2
2,0,0
1,0,0
1,0,0
23,0,0
0,2,0
0,3,0
0,1,0
18,0,0
0,0,1
0,3,8
0,1,0
0,1,0
0,0,5
0,0,3
2,0,0
0,5,0
33,36,41
0,4,7
0,1,0
0,3,0
0,2,0
0,1,0
0,1,0
0,0,25
0,0,23
0,1,0
0,14,0
0,2,0
0,0,1
46,47,39
0,1,0
0,0,2
1,0,0
0,0,1
0,4,0
0,0,1
0,1,0
0,1,0
0,0,3
0,2,0
1,0,0
2,0,0
0,1,0
0,3,0
1,0,0
0,7,0
0,0,2
0,3,0
0,0,1
2,0,0
0,1,0
0,5,1
1,0,0
2,0,0
0,0,2
1,0,0
1,0,0
16,0,0
0,0,1
5,3,0
2,0,0
0,0,2
1,0,0
0,0,1
0,0,2
0,0,1
0,0,2
0,0,9
5,0,0
0,0,2
0,9,4
1,0,0
0,0,1
0,0,1
0,1,0
1,0,0
0,3,6
1,0,0
0,1,0
0,1,0
0,0,1
0,0,1
1,0,0
0,1,0
1,0,0
0,1,0
1,0,0
0,0,1
0,1,0
1,0,0
1,0,0
0,1,0
0,2,0
14,0,0
0,0,1
1,0,0
0,1,0
1,0,0
0,0,1
1,0,0
0,0,1
0,0,1
0,1,0
1,0,0
18,0,0
0,1,0
1,0,0
0,0,21
0,1,7
0,1,0
0,0,1
0,5,1
0,2,0
0,1,0
0,1,0
13,1,0
0,4,1
1,0,0
0,1,0
1,0,0
1,0,0
1,0,26
0,0,1
1,0,0
0,0,10
0,1,0
0,1,0
0,3,0
3,0,0
0,0,1
0,0,4
3,0,0
0,0,2
1,0,0
0,0,1
0,2,0
2,0,0
0,1,0
22,0,0
1,0,0
0,0,1
0,1,0
1,0,0
0,0,13
0,0,2
1,0,0
0,0,6
0,0,1
1,8,31
0,0,2
0,1,0
0,0,17
0,0,1
0,3,6
4,0,0
0,1,0
0,0,10
0,3,6
2,0,0
1,0,0
0,0,2
0,3,0
0,1,0
0,0,1
21,0,0
0,0,1
0,0,1
1,0,0
0,0,1
0,0,1
0,1,0
2,0,0
0,1,0
3,0,0
0,0,1
0,1,0
8,3,0
0,2,0
0,1,0
0,1,0
0,0,1
0,0,1
0,1,0
1,0,0
2,0,0
0,1,0
1,0,0
0,3,0
0,1,0
1,0,0
1,0,0
0,1,0
1,0,0
0,1,0
1,0,0
0,0,1
0,0,1
0,1,0
0,7,0
0,0,1
0,0,1
0,4,0
0,2,0
0,1,0
0,0,1
0,0,3
1,0,0
1,0,0
0,0,3
8,0,0
0,0,1
3,0,0
0,0,1
0,1,0
0,1,0
1,0,0
2,23,0
0,0,2
4,0,0
0,2,0
6,2,0
0,1,0
0,0,2
0,1,0
0,0,2
1,0,0
1,0,0
1,0,0
1,0,0
0,4,0
0,1,0
15,0,0
0,0,18
0,18,0
0,1,0
0,2,0
1,0,0
0,0,2
0,6,0
0,2,0
0,4,0
1,0,0
0,0,1
0,4,0
1,0,0
0,2,3
0,1,0
3,0,0
0,0,12
0,2,0
0,1,0
2,0,0
0,7,4
1,0,0
4,0,0
6,0,0
0,1,0
0,0,1
0,0,2
0,0,21
0,1,0
0,7,0
1,0,0
0,0,22
0,1,0
0,1,0
0,1,0
0,0,1
1,0,0
2,0,0
0,3,0
0,1,0
1,0,0
0,1,0
0,1,0
0,0,2
0,1,0
0,1,0
47,27,48
0,3,0
0,6,3
2,0,0
0,0,1
0,1,0
0,0,1
1,0,0
2,0,0
0,0,1
0,0,1
0,4,0
35,37,39
0,0,1
0,1,0
0,3,0
0,2,0
0,1,0
4,0,0
0,0,19
0,2,1
2,0,0
0,2,0
0,6,0
0,1,0
0,1,0
0,3,0
1,0,0
0,0,1
0,0,1
0,2,0
0,0,1
1,0,0
1,0,0
0,0,1
0,1,0
0,0,1
1,0,0
0,1,0
1,0,0
0,1,0
0,0,1
2,0,0
0,0,19
0,1,0
3,0,0
0,0,6
0,0,1
0,0,2
0,1,0
1,0,0
33,50,42
0,2,0
0,1,0
0,1,0
0,3,0
12,0,0
0,1,0
0,0,1
2,0,0
1,0,0
0,2,0
1,0,0
0,1,0
0,0,1
0,1,0
1,0,0
1,0,0
1,0,0
0,1,0
0,19,0
0,1,0
0,1,0
0,0,30
1,0,0
0,0,1
0,0,1
1,0,0
0,1,0
0,1,0
0,1,0
0,1,0
0,0,1
1,0,0
0,0,4
0,0,2
1,0,0
1,0,0
0,0,24
0,0,1
0,12,1
1,0,0
0,0,1
1,0,0
0,0,34
0,1,0
1,0,0
45,44,49
1,0,0
0,0,2
1,0,0
0,3,0
1,0,0
0,0,1
1,0,0
2,0,0
1,0,0
2,0,0
0,1,0
0,2,0
1,0,0
0,1,0
0,0,1
0,0,1
27,0,0
1,0,0
1,0,0
2,0,0
0,1,0
1,0,0
35,41,40
0,4,0
0,0,29
0,1,0
0,1,0
0,0,7
0,20,0
0,1,0
0,1,0
0,1,0
0,0,1
3,0,0
1,0,0
1,0,0
0,2,0
1,0,0
0,0,1
0,0,1
0,1,0
0,2,0
0,2,1
0,1,0
1,0,0
0,1,0
1,0,0
0,0,22
10,1,0
0,4,0
0,1,0
0,0,1
0,2,0
2,0,0
0,0,1
2,0,0
0,1,0
1,0,0
0,1,0
0,0,4
2,0,0
0,4,0
3,0,0
0,1,0
35,34,50
0,0,1
1,5,42
0,0,20
1,0,0
21,0,0
0,0,4
0,0,2
0,1,1
0,1,0
0,1,0
0,0,1
0,1,0
1,0,0
1,0,0
0,0,1
1,0,0
0,0,1
1,0,0
0,0,6
0,0,5
0,0,1
0,0,2
0,1,0
0,0,3
0,1,0
0,0,2
0,0,3
0,0,1
6,0,0
0,3,0
3,0,0
0,1,0
0,1,0
1,0,0
1,0,0
0,1,0
0,1,0
0,0,1
0,1,4
1,0,0
1,0,0
1,2,0
0,4,0
2,0,0
0,0,1
0,0,2
0,0,1
0,1,0
1,0,0
1,0,0
0,7,3
1,0,0
0,0,2
1,0,0
0,2,0
0,0,1
0,0,1
0,1,0
1,0,0
0,1,0
0,1,0
0,0,2
0,0,1
2,0,0
1,10,0
1,1,0
41,47,47
0,0,1
1,0,29
0,0,3
0,0,1
0,1,0
0,1,0
0,2,0
1,0,0
0,0,1
0,1,0
0,0,3
0,0,2
0,0,1
1,0,0
0,27,1
0,3,0
0,1,0
0,0,1
0,1,0
1,0,0
0,1,0
1,0,0
0,1,0
0,0,19
0,1,0
0,3,0
0,0,5
0,0,2
0,0,3
0,0,29
0,0,2
0,0,1
0,1,0
3,0,0
1,0,0
0,1,0
0,1,0
0,1,0
0,0,2
0,3,0
1,0,0
40,29,43
1,0,0
0,1,0
2,0,0
0,10,1
0,1,0
0,1,0
1,0,0
0,4,0
0,1,0
0,1,0
1,0,0
0,1,0
1,0,0
0,2,11
0,6,6
1,28,0
0,1,6
0,1,0
0,3,5
0,1,0
0,1,0
1,0,0
0,0,1
1,1,0
0,4,2
0,6,5
0,0,1
0,1,0
0,0,1
0,1,0
2,0,0
0,0,1
0,1,0
3,0,0
0,0,2
0,0,1
0,1,0
3,0,0
23,0,0
0,1,0
0,0,1
1,0,0
0,0,1
0,5,0
0,0,1
0,0,18
1,0,0
0,0,21
0,0,1
0,1,7
0,1,0
0,0,1
0,1,0
2,0,0
1,0,0
1,0,0
0,0,6
0,0,1
3,0,0
0,1,0
0,2,0
0,0,1
1,0,0
1,0,0
2,1,0
0,1,0
0,0,1
0,1,0
0,0,1
1,0,0
1,1,0
0,0,1
0,1,0
0,2,0
0,1,0
1,0,0
0,2,0
0,8,0
0,3,0
0,0,2
0,1,0
1,0,0
0,1,0
0,0,1
0,1,0
0,0,1
0,3,0
0,1,0
1,0,0
2,0,0
1,0,0
2,0,0
0,2,0
0,1,0
4,0,0
2,0,0
0,1,0
0,1,0
4,0,0
1,0,0
0,0,2
0,0,5
1,0,0
1,0,0
0,1,2
0,1,0
1,0,0
0,0,4
0,2,0
0,0,1
0,2,0
1,0,0
0,1,0
0,1,0
0,3,0
0,1,0
0,0,1
0,1,0
0,0,1
3,0,0
0,0,1
0,3,0
0,1,0
0,0,5
0,0,5
1,0,0
0,3,0
0,2,0
1,0,0
0,1,0
0,0,4
0,0,1
0,0,1
0,1,0
0,0,1
24,0,0
0,0,1
1,0,0
0,1,0
2,0,0
2,0,0
0,1,0
0,1,0
0,0,2
0,0,1
0,1,0
0,0,1
1,0,0
0,0,1
1,0,0
0,1,0
1,0,0
2,7,34
2,0,0
0,0,2
0,1,0
0,1,0
0,0,1
0,1,0
0,0,1
0,0,1
2,0,0
0,2,0
1,0,0
0,2,0
0,0,1
2,0,0
0,5,5
1,12,33
0,0,1
0,1,0
0,0,5
1,0,0
0,0,28
0,1,0
1,0,0
0,2,0
0,0,2
0,0,1
0,1,0
1,0,0
0,0,1
0,3,0
0,0,1
0,1,0
0,0,17
0,0,15
1,0,0
1,0,0
0,1,0
0,1,0
0,2,0
0,0,1
0,13,41
0,3,0
0,2,0
0,0,1
1,0,0
1,0,0
0,0,3
0,0,3
0,1,0
0,0,30
1,0,0
0,1,0
0,0,1
1,0,0
1,0,0
0,0,3
0,1,0
0,1,0
0,1,0
0,1,0
1,0,0
1,0,0
0,2,0
0,0,1
1,0,0
1,0,0
0,0,4
0,0,1
2,0,0
0,1,0
0,1,0
0,2,0
2,0,0
0,1,0
0,1,0
0,7,7
1,0,0
1,0,0
0,2,0
0,4,0
0,0,2
0,3,0
0,1,0
1,0,0
0,1,0
0,0,1
0,0,3
0,0,1
0,0,17
0,0,38
0,0,1
4,0,0
0,1,0
0,0,1
1,1,0
0,0,1
1,0,0
0,0,16
1,0,0
0,1,0
0,0,1
34,36,50
0,1,0
1,0,0
0,1,0
0,0,2
0,2,0
0,17,0
1,0,0
3,0,0
0,0,22
0,0,21
0,0,2
0,0,4
0,2,0
0,0,1
35,39,41
0,0,1
1,0,0
1,0,0
0,1,0
0,4,0
0,1,0
4,0,0
6,0,0
0,1,0
3,0,0
0,1,0
0,0,21
0,1,0
0,1,0
0,0,2
2,0,0
0,1,0
2,0,0
37,50,37
0,0,1
0,1,0
46,52,35
0,4,0
0,1,0
50,50,41
0,0,1
0,0,1
2,0,0
0,0,1
0,0,1
18,23,0
