"S1","S2"
10,50
0,46
29,40
0,6
0,23
0,13
1,0
0,1
0,1
32,39
0,20
0,1
4,0
5,0
42,34
0,1
0,51
0,14
7,0
1,0
1,0
8,0
1,0
0,1
4,35
0,1
2,0
1,0
0,2
0,1
0,17
47,51
0,2
32,36
0,2
48,29
1,0
0,8
0,22
1,0
31,39
33,37
0,1
0,13
1,0
0,12
0,1
1,0
0,1
0,17
0,6
2,0
39,34
0,8
2,0
0,1
1,0
0,30
1,0
37,24
0,46
4,0
0,2
1,0
0,46
0,2
0,3
1,35
0,31
2,0
0,30
0,1
0,1
0,2
1,0
0,3
1,0
0,28
26,40
0,2
6,0
0,1
6,0
0,2
1,0
0,8
1,0
0,2
4,0
0,1
0,1
0,1
0,17
2,0
0,2
37,40
50,42
0,13
0,7
0,29
0,18
0,2
22,50
1,0
40,40
1,0
0,9
1,0
38,39
0,1
0,1
0,14
1,0
0,1
3,0
0,16
1,47
46,49
4,0
0,19
1,0
3,0
1,0
0,1
2,0
1,0
0,4
2,35
1,0
3,0
0,1
1,0
1,0
0,14
36,41
0,21
0,1
1,0
33,32
10,44
0,1
2,0
0,2
1,38
1,0
0,20
40,52
0,1
1,0
0,35
6,0
0,1
1,0
0,1
0,55
1,0
2,0
1,0
38,43
40,38
4,0
1,0
18,0
0,3
0,1
33,32
0,5
0,20
1,0
0,3
22,38
40,42
4,0
13,0
2,0
33,33
2,0
0,21
0,1
0,2
0,26
18,0
4,0
48,30
41,44
1,0
2,0
4,0
1,0
0,2
37,39
0,41
0,9
0,9
0,14
1,0
4,0
57,37
35,36
1,0
0,15
2,0
7,0
0,25
23,0
39,42
1,0
0,1
1,0
2,0
1,0
13,0
0,1
0,22
0,18
0,1
0,1
0,4
0,20
1,0
0,14
0,6
2,0
0,1
4,0
6,0
43,35
2,0
2,0
40,38
0,3
0,2
2,0
0,3
41,34
0,31
1,0
2,0
0,39
43,45
8,0
0,1
0,2
20,0
49,44
0,51
0,2
3,0
0,19
0,2
0,1
0,2
0,1
34,46
0,6
0,2
0,1
32,42
1,0
0,1
0,47
0,4
1,50
0,3
1,0
3,0
4,0
0,1
2,0
1,0
0,16
0,16
49,50
0,35
48,37
2,0
2,0
35,45
0,1
41,41
0,39
1,0
39,34
1,42
0,23
46,28
47,48
4,0
38,38
1,0
0,1
2,0
0,3
0,23
43,51
0,39
1,0
38,44
2,0
0,1
0,18
1,0
4,0
3,0
0,3
1,0
3,0
47,38
0,1
0,36
0,5
24,40
15,0
36,34
0,1
0,1
2,0
9,0
1,0
6,0
0,39
29,0
32,41
1,45
0,13
0,5
0,1
2,0
0,2
0,1
0,14
1,0
0,14
36,40
0,41
0,19
0,1
1,0
0,8
0,1
0,22
1,0
1,0
1,0
0,15
41,40
40,47
2,0
35,43
0,1
46,47
0,1
0,2
0,1
0,1
1,0
0,1
0,6
1,0
3,38
37,36
0,39
1,0
0,11
0,43
0,1
1,0
0,1
4,0
41,49
0,7
1,0
0,38
37,48
0,43
0,1
44,44
0,16
0,1
0,41
4,0
0,8
0,1
1,0
1,0
3,0
0,1
0,1
3,0
0,46
3,39
2,0
1,0
57,44
1,0
0,34
0,44
46,37
0,1
0,36
1,0
0,40
49,36
10,47
5,0
0,1
0,38
0,1
1,0
35,39
0,40
0,16
0,16
40,42
1,0
0,1
9,0
1,0
0,9
2,0
0,19
1,0
5,0
1,0
3,45
6,0
2,0
1,0
1,0
1,0
1,0
0,3
0,1
1,0
3,0
1,0
0,1
38,34
1,0
7,0
0,13
0,24
1,0
9,0
0,49
0,31
34,42
30,43
0,1
13,0
41,45
39,40
35,46
0,38
1,0
0,30
36,29
42,42
0,13
0,5
0,1
0,1
0,4
0,1
1,0
0,36
0,13
0,24
0,1
36,42
37,45
42,42
0,37
0,38
2,0
0,3
0,2
2,0
1,0
41,41
2,0
33,0
0,5
0,1
3,0
0,6
0,2
0,1
2,0
1,0
0,4
1,0
0,24
1,0
0,1
0,19
30,44
1,0
0,28
0,1
1,0
0,3
0,15
1,0
39,31
0,14
38,38
40,39
4,0
2,0
3,0
0,18
0,46
0,2
2,0
0,36
5,0
1,0
2,43
1,0
0,1
0,1
0,1
0,11
42,36
0,12
2,0
2,0
0,1
39,41
2,0
2,0
0,2
39,28
0,16
4,0
2,0
0,1
1,0
0,43
0,1
9,0
0,2
0,1
0,7
1,0
2,0
2,41
0,18
30,0
44,50
3,0
0,1
0,8
1,0
1,0
34,51
0,2
0,7
0,1
0,41
0,1
44,33
1,42
0,42
0,3
2,0
32,41
0,1
0,42
48,39
0,2
1,0
7,0
0,1
0,1
38,31
9,0
52,44
36,38
0,3
1,0
37,37
0,19
22,0
0,2
1,40
0,1
1,0
0,2
4,0
0,10
0,1
51,39
0,15
0,20
0,36
3,0
0,1
0,38
11,42
0,13
1,0
6,0
31,44
2,0
43,36
1,0
2,0
44,35
41,40
36,43
3,0
0,1
0,1
1,0
5,0
1,0
3,0
2,0
0,30
43,36
0,1
44,46
35,50
0,4
1,0
0,23
0,1
0,1
5,0
1,0
0,41
0,2
1,0
0,1
1,0
1,0
5,0
0,10
0,1
10,0
0,1
15,0
0,26
0,17
0,22
10,28
0,1
1,0
1,0
0,5
0,1
0,2
7,0
3,0
1,0
0,5
1,44
0,4
0,1
0,3
1,0
34,35
46,46
0,48
0,1
0,1
0,31
0,1
39,37
0,2
0,20
45,39
0,21
0,15
0,2
0,10
1,0
1,0
0,11
1,0
7,0
0,1
0,50
6,0
8,0
1,0
0,1
47,40
0,1
0,41
0,17
1,0
0,2
0,1
0,1
41,36
0,1
1,0
0,11
0,1
34,43
0,13
0,3
1,0
40,48
0,1
1,0
1,0
0,18
0,21
46,54
1,0
0,2
39,37
0,4
1,0
0,29
33,39
2,0
0,3
0,2
40,38
0,3
1,0
2,41
0,2
44,34
2,0
3,40
0,48
4,0
1,0
42,40
0,2
38,44
0,1
1,0
0,2
0,12
1,0
0,12
1,0
0,1
39,40
44,27
1,0
1,0
0,1
0,1
33,37
45,41
1,0
39,46
1,0
0,12
0,2
0,1
42,49
0,30
8,37
37,43
42,35
0,1
0,16
0,2
1,0
0,1
0,2
3,0
1,0
41,31
1,0
1,0
36,43
0,1
0,37
31,47
0,2
2,0
0,13
1,0
0,1
4,0
0,2
46,36
0,1
13,0
0,1
6,37
2,0
9,0
18,0
0,14
0,27
3,0
33,41
33,38
1,0
2,0
43,38
0,1
1,43
0,1
0,40
0,37
44,45
40,36
0,2
0,42
14,0
1,0
30,54
0,16
1,0
0,2
0,2
31,47
0,22
0,2
0,47
0,1
0,40
1,0
1,0
45,45
1,0
12,0
39,39
0,16
1,0
0,2
0,7
44,38
2,0
0,12
29,46
10,0
0,1
39,52
39,41
0,8
6,0
2,0
0,1
0,1
0,44
0,10
1,0
0,2
48,48
1,0
36,37
2,41
0,1
5,39
43,37
2,0
1,0
4,0
0,33
10,36
38,40
32,38
1,0
0,20
1,0
0,35
37,41
0,1
0,1
1,0
0,1
0,1
0,4
1,0
50,37
1,0
0,1
14,0
41,52
0,1
0,1
0,1
0,33
8,0
17,0
1,0
42,32
1,0
19,0
1,0
0,38
25,0
1,0
39,34
0,7
0,5
0,2
3,0
1,0
0,1
0,37
0,8
0,1
1,0
0,16
1,0
0,48
1,0
1,0
2,0
0,1
1,0
0,1
1,0
33,42
0,1
0,1
0,2
1,0
0,2
0,1
34,50
0,1
0,36
37,47
38,46
1,0
2,0
1,0
0,51
7,20
23,0
1,0
0,4
38,44
0,1
12,0
52,40
11,0
1,0
1,0
1,0
41,46
1,0
0,1
39,33
0,35
1,0
0,30
1,0
2,0
0,46
2,0
2,0
36,48
1,0
0,1
1,0
1,0
1,0
44,38
2,0
0,14
4,0
0,2
0,3
36,39
0,2
0,32
1,0
54,43
2,0
0,12
2,0
0,38
0,3
0,1
0,37
0,2
37,37
0,1
0,12
2,0
0,2
0,1
0,2
0,1
0,4
39,32
45,40
0,3
3,0
0,1
1,0
28,46
0,1
35,50
0,1
0,1
1,0
0,14
25,0
0,1
0,1
0,4
40,37
5,0
46,45
32,38
45,37
31,40
0,1
0,1
0,10
0,2
0,1
1,0
0,42
30,49
0,22
0,22
1,0
33,40
0,1
5,0
0,1
0,2
0,4
1,0
1,0
1,0
0,14
0,1
0,1
0,23
1,0
37,41
39,34
0,36
0,2
2,0
0,37
37,32
0,2
45,48
0,2
40,39
0,21
35,50
6,28
14,39
0,1
0,2
44,30
30,43
0,49
3,0
0,1
0,1
44,47
0,1
1,0
0,4
19,0
3,0
0,1
0,53
3,0
37,40
0,26
0,2
0,33
2,0
0,20
9,0
0,1
2,0
38,34
0,1
0,1
3,0
24,0
0,19
39,36
0,1
41,34
1,0
0,10
0,2
35,40
43,42
3,0
0,1
0,3
0,12
0,40
1,38
0,11
0,1
3,0
22,0
3,52
1,0
0,17
0,35
1,0
0,40
0,19
0,26
41,37
3,0
2,0
0,13
1,50
3,0
1,0
0,13
0,2
1,0
33,31
3,0
27,31
0,18
5,0
0,23
46,35
0,13
3,0
6,0
1,0
44,47
1,0
2,0
34,41
1,0
0,23
0,48
0,36
0,4
2,51
1,0
0,1
34,39
0,22
0,1
49,40
45,35
4,0
4,0
0,1
2,0
47,38
0,47
44,42
0,30
0,28
0,1
5,51
2,0
0,1
1,0
1,0
1,0
0,2
2,0
1,0
0,17
0,2
7,0
39,40
30,44
1,0
4,0
2,0
2,0
0,1
0,1
1,0
29,26
0,32
0,21
43,52
0,14
54,27
1,0
0,14
44,37
7,0
0,5
2,0
31,47
2,0
1,0
47,43
40,54
0,16
0,51
1,0
44,39
0,1
1,0
0,40
3,0
0,3
36,43
0,6
1,0
0,25
46,41
0,15
4,42
1,0
4,48
0,1
54,38
44,47
1,0
42,49
42,48
0,2
1,0
